host,external_salon_id,salon_name,external_therapist_id,therapist_url,fetch_status,http_status,parsed_count,sample_records,error
39bonbon.jp,1f1b29d9-54d0-4681-a437-805f83a27d7e,39サロン BonBon ～ボンボン～,dfddcc41-dccc-4ce3-b243-e31fd452595e,https://39bonbon.jp/profile?id=106,ok,200,0,[],
7dream-este.net,edc5c23f-6b2b-4724-add6-d38337284d10,セブンドリームエステ,5c8b8fbc-03dd-490e-8262-1ccdb7493785,https://7dream-este.net/profile?id=172,ok,200,0,[],
a-elegance.com,08d30d58-74bc-45a0-86ea-7d232e0f4596,アロマエレガンス,840e9834-079b-4a6c-b2af-a3b2b3821e2b,https://a-elegance.com/cast/detail.php?girl=579,ok,200,0,[],
a-emerald.com,6cc15b0d-ec6c-43b3-8a4d-75cb76148979,アロマエメラルド,cda1fe7f-cbac-4fd6-ae6d-0682e2aa404d,https://a-emerald.com/cast/cast-2056/,ok,200,0,[],
a-ruby.com,6cc15b0d-ec6c-43b3-8a4d-75cb76148979,アロマエメラルド,36abcb8c-f1ae-4565-bb69-1ff868839a43,https://a-ruby.com/cast/cast-517/,fetch_error,,0,,fetch failed
a-station-kasukabe.com,2da0016e-4891-45f1-9513-1f8756246a6b,エーステーション,06089bd6-265e-4d48-90d4-1bb9d2dd21eb,https://a-station-kasukabe.com/cast/cast-2343/,ok,200,0,[],
adam-eve-esthe.com,b94d7582-3973-4cdd-a493-68c783a960af,アダム＆イブ,ecdfc012-f813-43b5-8858-47db67683ca5,https://adam-eve-esthe.com/profile?lid=17,ok,200,0,[],
adollhiroshima.com,6e932a6a-a00a-4c72-bed0-b5c457910e46,アドール,13801c43-99b4-4b9a-a187-df4a9dfbb5cb,https://adollhiroshima.com/therapist/606168/,ok,200,0,[],
aesthetic-kokura.com,58c67959-d168-4351-8054-40f4fc1cd45a,シェリー 小倉,8bc8f971-7452-43d8-8726-b8455bf460db,https://aesthetic-kokura.com/profile?lid=22,ok,200,0,[],
akari-kobe.net,88f0cd68-2ab5-4eb1-9287-5962501d476b,灯 三宮,53b5d9c5-0307-496a-a187-a18cd0a04a37,https://akari-kobe.net/profile?id=30,ok,200,0,[],
akitsu.kyokonoshimai.jp,a6620ca1-16c3-4645-9c80-cf409581ebfc,今日子の姉妹 秋津,5a671f3d-b366-4c28-af0a-a6026bcaf133,https://akitsu.kyokonoshimai.jp/therapist/IDMZWEHP,ok,200,0,[],
akua-n24sapporo.com,42ba21fc-6639-4bbd-be3c-c197c92f1d97,ラグジュアリースパ アクア,33677d20-e45d-40a6-b518-311d98fcf41d,https://akua-n24sapporo.com/therapist/247926/,ok,200,0,[],
alfard.holy-land.jp,6e5dfed1-7d35-4fac-8495-bd896efd6365,アルファード,23725e08-cb18-42e1-ada0-c096aa839f58,https://alfard.holy-land.jp/staff/prof/nao.php,ok,200,0,[],
allureterrace-matsuyama.com,dd117035-7b4e-45b3-be7e-49902fc36a29,アルール,b7fcd43f-694a-45b2-afbc-47c5c70b9107,https://allureterrace-matsuyama.com/therapist/609062/,ok,200,0,[],
alto-akashi.com,a1661662-9201-49fd-95dd-34b01cf3f2a2,Alto,1d1c770a-3dc1-4a25-99af-656df9170b20,https://alto-akashi.com/therapist/781313/,ok,200,0,[],
alyo.net,1c521f59-5c2e-407e-a0a3-377df4f7bbb8,アルヨ (ALYO),39046153-f0c6-4f96-859a-03f387297dfe,https://alyo.net/list/profile/?uid=264,ok,200,0,[],
amaou-therapi.jp,4d051648-cb45-482b-8e21-6541bace1def,ミセスあまおうセラピ 旧ミセスマドンナ,b39d0fa6-ddbc-43c4-983e-d3cdc569eeef,https://amaou-therapi.jp/lady_detail.php?lady_num=127846,http_error,404,0,,HTTP 404 https://amaou-therapi.jp/lady_detail.php?lady_num=127846
amateras-osaka.com,4779e078-c4e1-4adf-9a41-60a245fce52c,アマテラス,d5ec0f9d-5634-4674-b537-345a616e56bf,https://amateras-osaka.com/profile?id=60,ok,200,0,[],
amazespa-ota.com,b0bfe249-de55-47a6-9c84-25aa2f05de7e,ルアナスパ 太田 旧アメイズスパ太田,53821723-e7ab-4f74-bd11-ecefa0afd672,https://amazespa-ota.com/profile_58.html,fetch_error,,0,,fetch failed
ambitious-omiya.com,ae8129a6-0a67-4efc-b23f-9a22342d7d15,アンビシャス 大宮,3beda94d-e065-4bd8-ae22-3fcc8c700ea0,https://ambitious-omiya.com/cast/cast-1887/,ok,200,0,[],
amour-blanc.com,c08d6455-26d9-41a3-ac01-9bb7f65607b3,アムールブラン,04a81754-557f-48be-b901-a98c1c802128,https://amour-blanc.com/therapist/767863/,ok,200,0,[],
anaspacia.com,fcae7f27-e7ce-4164-8189-0f7a021d8c57,アナスパシア,0b52a46f-f65b-4234-b12d-d8c658dfcbae,https://anaspacia.com/%e6%a4%8e%e5%90%8d%e3%81%98%e3%82%85%e3%82%93/,ok,200,0,[],
anespa.men-este.net,8f6690d2-b600-4e5f-a773-1204ca8356f6,ゴールドアネスパ,da65f422-87ff-4c85-af19-9f4ab47a53f7,https://anespa.men-este.net/profile.html?sid=82,ok,200,0,[],
anessa-osaka.com,f925790b-5647-4a62-af73-e47e8703f566,ANESSA (アネッサ) 大阪,a8eaf8fd-5621-4566-bc36-c734fed604e6,https://anessa-osaka.com/profile?id=33,http_error,404,0,,HTTP 404 https://anessa-osaka.com/profile?id=33
ange-kanazawa.com,ede31e62-84d9-49ea-b9fc-fa99b2de128c,アンジュ 金沢店,6ad2aced-4485-4950-87eb-bc7bef2ff725,https://ange-kanazawa.com/item_10028813.html,ok,200,0,[],
aqua.esthe-hp.com,9cca5498-7bc0-47ca-9f9b-5296fb3fd354,アクア,8aa0081c-510f-44c4-ad80-1fae15692fb2,https://aqua.esthe-hp.com/item_10029419.html,ok,200,0,[],
aquamarine-osaka.net,21c8116a-fb78-45f9-a362-78e185a0ce17,アクアマリン 堺,cfd5af02-69c4-4659-aa66-99a1cacc9451,https://aquamarine-osaka.net/profile/6fc03b10cd545492467f678a56b801344ff4507c.html,ok,200,0,[],
aquaspa-utsunomiya.com,04a712b2-f3fc-40c5-ae3f-8f6f7c9705a2,アクアスパ 宇都宮店,723bee0a-035e-4cac-8f29-5061f51778ea,https://aquaspa-utsunomiya.com/profile?lid=156,ok,200,0,[],
aria-ikebukuro.com,73d84641-ffdc-43ce-ad76-0db2a221248a,池袋アリア 旧アトランティス,f4527931-60a6-499f-90f0-9eb97f984215,https://aria-ikebukuro.com/profile?id=12,ok,200,0,[],
aro-mania.com,4eb5d511-af25-4520-8dbb-0edaacdc286c,AROMANIA (アロマニア) 博多,6f23db83-d0bc-4723-b21d-1ab0bc2af82b,https://aro-mania.com/index.php/module/Store/action/GirlInfo/Store_Id/99/User_Id/5338,ok,200,0,[],
aroma-flower.com,faf9c801-1dbf-4423-be98-de9474d66ce1,アロマフラワー,af87141f-8734-4ba9-a81e-919557c01457,https://aroma-flower.com/cast/10800,ok,200,0,[],
aroma-garden.ap2hp.com,e7fb59a1-349f-4de4-ac7e-2cc1ceebe18b,アロマガーデン 矢場町,e7b56d29-c814-4807-a654-fac3d4cc94dc,https://aroma-garden.ap2hp.com/profile/21745,http_error,401,0,,HTTP 401 https://aroma-garden.ap2hp.com/profile/21745
aroma-lounge-rich-gold.com,2e337779-0629-4957-bec6-61c5dcced43e,リッチゴールド,bcb7a71e-e000-4c0f-9b1b-a2893be2759b,https://aroma-lounge-rich-gold.com/profile?lid=39,ok,200,0,[],
aroma-lumiere.com,a4efcac2-3dca-46b0-8d9f-93bfe0fb2250,アロマルミエール,860baa8d-69a6-4585-8940-b152df2ca0fb,https://aroma-lumiere.com/profile?lid=3,ok,200,0,[],
aroma-meister.com,e41b47d9-bae9-4853-ab26-5fee6755070c,アロママイスター,a4f8e66e-fc51-42ef-a695-883a0bfd4f16,https://aroma-meister.com/profile?lid=11,ok,200,0,[],
aroma-request.com,153a8094-de21-4124-97e6-1877c34fabc3,リクエスト,6316b29f-234b-4f84-89cb-116c66549e1a,https://aroma-request.com/cast/%e3%81%aa%e3%81%a4%e3%81%bf/,fetch_error,,0,,fetch failed
aroma-shoushou.com,61ece8fd-d604-4c50-be32-7eb240a95505,アロマシュシュ,10be7e79-26f9-4b0a-a4f0-931122ccc992,https://aroma-shoushou.com/profile?lid=7,ok,200,0,[],
aroma-zipper.com,60ad6f84-813d-4492-872e-a0025d3b87dd,Aroma Zipper (アロマジッパー),f95a9ca4-b471-4131-9517-bdbe5667da6a,https://aroma-zipper.com/cast/cast-2325/,ok,200,0,[],
aromacotton.com,fadeec46-465c-401d-8aa9-5dbbf6490d47,アロマコットン,0ebc9c70-314b-4c26-887a-cc7af50340bb,https://aromacotton.com/item_10038142.html,ok,200,0,[],
aromacrystal.jp,dd9158d8-1943-4504-a0c6-7b5e14432f3f,アロマクリスタル 旧ザセレクション,3914ca22-dc33-403d-ac4c-11684a3343eb,https://aromacrystal.jp/profile.php?girl_id=127,ok,200,0,[],
aromacura0606.com,5c730d03-22fb-45b0-b1d1-4d414456887b,アロマクラ,1687d703-5b40-4604-98fc-e767fa864b72,https://aromacura0606.com/therapist/735917/,ok,200,0,[],
aromafreyja.com,28bb5aae-cd36-4df2-85b7-b0ad999b1420,フレイヤ,4bcf3c4c-d1a2-4c05-9553-96bd131b7ba2,https://aromafreyja.com/lady_detail.php?lady_num=138723,ok,200,0,[],
aromagarden-nagoya.com,e7fb59a1-349f-4de4-ac7e-2cc1ceebe18b,アロマガーデン 矢場町,8207f0ef-5a41-41a0-a663-25aed89c1cb5,https://aromagarden-nagoya.com/profile.html?sid=15,ok,200,0,[],
aromagently.com,398ec025-8223-4167-a682-37caaa082839,アロマジェントリー,a52ee111-ce1f-4ea3-9adf-299f3a457cf3,https://aromagently.com/profile/?id=12,ok,200,0,[],
aromaglamor.com,20cd582c-1545-498a-a905-4092021f8898,アロマグラマー,5d7cd791-4c07-4a38-95f3-271e247e1221,https://aromaglamor.com/therapist/818746/,ok,200,0,[],
aromalapin.com,5da4ccbb-80b9-4a54-b7ff-c3c59e5a0537,大人のアロマラパン,09df729c-c689-4333-8e7e-cd4b7622b4c6,https://aromalapin.com/profile.html?sid=94,ok,200,0,[],
aromaluminous.com,f5a6c668-1d63-45ad-b7af-f61cecf3a258,アロマルミナス 南越谷,d76207ee-7ba3-4892-bccb-aced55b74d80,https://aromaluminous.com/profile?id=41,ok,200,0,[],
aromamia0619.com,a1dc15b9-96f1-4f02-882b-da4e41be8827,アロマミア,34b858d1-2fa7-45c7-9e3d-71d02de18ec6,https://aromamia0619.com/therapist/625170/,ok,200,0,[],
aromapeach.net,65a6674f-f8d6-43f8-b027-94cb1666077a,アロマピーチ 大宮,98287dbd-707d-408a-a914-faa8d309eb2f,https://aromapeach.net/item_10037217.html,ok,200,0,[],
aromaresort.tokyo,989bff99-4dfc-427b-b2be-f7cbc5ae5c7a,東京アロマワールド 旧アロマリゾート,51c29f81-62c1-419e-9340-4feb27530bf5,https://aromaresort.tokyo/cast/takadamina/,fetch_error,,0,,fetch failed
asabu.belleliser.com,bb16ec1a-3fdb-4f59-987d-3db8a24b0765,ブランスパ 旧ベルリーゼ,bb98ddf3-9c69-4a79-8edc-5e21b654a054,https://asabu.belleliser.com/prof/?id=175,http_error,404,0,,HTTP 404 https://asabu.belleliser.com/prof/?id=175
aura-takatsuki.com,b07de765-7ca4-452a-bd69-4aa6b612a06b,オーラ 大阪,14ecb717-9123-47a6-93da-95c3cb94bd65,https://aura-takatsuki.com/item_10038941.html,ok,200,0,[],
awatoro-esthe.com,51cb6c93-5acb-46f3-8911-0a750942ce92,泡とろエステ,aeb5006b-a0a5-4eac-9a89-890adbdda1c5,https://awatoro-esthe.com/profile?lid=4,ok,200,0,[],
bakuretsuspa.com,da2bf035-f78d-483c-89d2-f9b8ce2036cf,流星のエステ 旧爆裂スパ,0b351da7-6de5-44d4-afea-f00961f986bd,https://bakuretsuspa.com/therapist/33595,fetch_error,,0,,fetch failed
bambispa.com,777d1211-ca05-4036-920c-30b3fcdf4ff8,バンビスパ,93643d5c-ef54-471c-99d1-f89fec76749f,https://bambispa.com/list/profile/?uid=10,ok,200,0,[],
banana-esthe.com,08f62189-b9b4-4eb7-acfa-a7c73d7eeafd,バナナ 旧エーペックス,b8c29a29-177e-45e6-8323-39c10f5647ee,https://banana-esthe.com/cast/cast-2290/,ok,200,0,[],
barbie-barbie.com,f43dba68-8dbc-4101-89dd-972c05304825,バービーバービー 旧リンダリンダ,02d63e60-3f1f-4252-96b4-0018392e016a,https://barbie-barbie.com/lady_detail.php?lady_num=129858,ok,200,0,[],
beauty-and-beast.net,ad616bba-6906-4fd5-9d7e-de8ad3c9c3a7,ビューティーアンドビースト,c317ae7f-747c-4400-a3eb-bba2848ae3d9,https://beauty-and-beast.net/list/profile/?uid=216,ok,200,0,[],
belchic.net,10e95d68-54d6-45b6-8294-fa1fe072d02b,ベルシック,bca3c8f5-62f9-4047-be92-dd3f12dc6123,https://belchic.net/list/profile/?uid=62,ok,200,0,[],
beyond-shinkoiwa.com,838c2595-94af-4a48-8adc-4c1017ea8063,BEYOND (ビヨンド) 新小岩,96b92e30-32d0-48d1-98b6-7f996de174a5,https://beyond-shinkoiwa.com/item_10038295.html,ok,200,0,[],
blackhole-esthe.com,1e085ef9-df19-4688-b938-76f660e89518,ブラックホール,671a6069-1d4a-4182-8395-e109c6b20ab4,https://blackhole-esthe.com/therapist/51407,ok,200,0,[],
blancspa5416.com,bb16ec1a-3fdb-4f59-987d-3db8a24b0765,ブランスパ 旧ベルリーゼ,369b5ed7-606f-4d3d-a150-88afcca1c57f,https://blancspa5416.com/therapist/865636/,ok,200,0,[],
bloom-shizuoka.com,88d8757f-1c00-4790-8371-5a87e8c55b23,ブルーム,792cdc50-bb4d-4c15-95ae-09b3a7d86293,https://bloom-shizuoka.com/profile?lid=46,ok,200,0,[],
botan-nagoya.com,81cb1f29-d125-41d9-ab5b-397de8d10632,牡丹,fc9ca503-6664-435f-8468-b87ac35d18be,https://botan-nagoya.com/profile.html?sid=16,http_error,404,0,,HTTP 404 https://botan-nagoya.com/profile.html?sid=16
bucks1205.com,ef00b1e3-32f2-4948-95e6-c625af3a85b7,バックス,9734a219-5ef5-4126-b3d8-5bddf48fb3d3,https://bucks1205.com/therapist/777680/,http_error,404,0,,HTTP 404 https://bucks1205.com/therapist/777680/
candy-s-candy.men-es.jp,53fbd970-5a97-43d1-bd6d-8f7d72587bde,キャンディスパ,838bd16f-defa-455d-82a7-688cb3e7b877,https://candy-s-candy.men-es.jp/profile.html?sid=338,ok,200,0,[],
chiba-raise.com,cd9e3866-4b3c-41e4-9654-ee7e0d69cef3,Raise (レイズ),53914b25-83dc-4623-b9de-bbb48656fc42,https://chiba-raise.com/s/item_10027730.html,http_error,404,0,,HTTP 404 https://chiba-raise.com/s/item_10027730.html
chiba-spa.com,522653c4-f455-4ca6-8c37-414ad7774b0b,チバスパ,42c672b6-d527-4625-9299-ad655702e480,https://chiba-spa.com/index.php/module/Store/action/GirlInfo/Store_Id/2/User_Id/5430,ok,200,0,[],
chillbase2024.com,9cd8a47e-1481-4ee3-ac69-43c3fb68462c,チルベース,e9f2ca09-9978-4085-857d-438c8d28ec1a,https://chillbase2024.com/therapist/774841/,ok,200,0,[],
chouchou-kitashinchi.com,3c4a88d8-66b3-4082-8072-9bfdf6b76869,シュシュ,97dc9d40-5bc5-41a6-8d55-c0a5ceec553e,https://chouchou-kitashinchi.com/profile?id=114,ok,200,0,[],
chouchou-official.com,e05a4e36-01a5-420e-8c14-3bea565de57a,シュシュ旧天使の施術,35f99051-3613-47a4-ade7-be60b42f5c5c,https://chouchou-official.com/profile?lid=39,ok,200,0,[],
cocona-gran.com,e007ce6b-91aa-4b7b-92b3-7c2cad09ec38,ココナグラン,4ecc466e-6362-490c-bd8d-5e2e08f8ec22,https://cocona-gran.com/profile?lid=289,ok,200,0,[],
cor-caroli.net,62c3277f-7d4a-4418-b352-2fcb830bfaad,コル･カロリ,30291e90-d0e5-4e0c-b741-3ef1fbc0297d,https://cor-caroli.net/cast/cast-5433/,ok,200,0,[],
crea-hiroshima.com,b1c22684-ab4f-41d5-85bd-da90aa4af6dd,クレア 広島,5c036dc8-4884-400b-8eb2-b7b3afb5a4b9,https://crea-hiroshima.com/item_1892730.html,fetch_error,,0,,fetch failed
creahiroshima.com,b1c22684-ab4f-41d5-85bd-da90aa4af6dd,クレア 広島,b9a429a4-43f3-4200-bd40-182a93e99ef0,https://creahiroshima.com/profile?id=167,ok,200,0,[],
cure-healing.com,22b1895d-7e16-43ca-9c87-644ef012244e,キュアヒーリング,187802c3-d256-4f8d-9801-38489c58d585,https://cure-healing.com/index.php/module/Store/action/GirlInfo/Store_Id/310/User_Id/10179,ok,200,0,[],
daia-yokkaichi.com,8c821bfb-962a-4afa-9b7a-a4c349044900,DAIA (ダイア),b11362a0-f691-459e-92d6-c3b74c1d50a3,https://daia-yokkaichi.com/therapist/868057/,ok,200,0,[],
damerinocat.com,08991e63-56e3-401d-ac23-eeae5c7e61c5,Damerino (ダメリーノ),21e1f635-5a31-4481-84af-337ed6d3160f,https://damerinocat.com/profile?lid=5,ok,200,0,[],
darlin-premium.com,3b8e7c2c-7317-4c39-bd64-14de0d3c123c,ダーリンプレミアム,af56475a-8d7d-4f7b-ae84-9eacc635b92c,https://darlin-premium.com/gals/profile/?uid=830,ok,200,0,[],
decorte-spa.site,852f76e8-614b-47e4-9850-ede0030e33e5,デコルテスパ,e51c259e-4f9d-4170-bd32-2b84d6281d11,https://decorte-spa.site/therapist.html?id=316,ok,200,0,[],
deep.men-es.jp,55030808-553a-497a-bd53-e017efd5f6ba,スパディープ,3230a278-4ae1-4fc7-ae65-9868fd064f24,https://deep.men-es.jp/profile.html?sid=297,ok,200,0,[],
diavoletto-takasaki.com,592e174f-3944-48c6-a23f-955999703ce0,ディアヴォレット,cedc0505-1b9a-4fab-a8b4-fade39d26e77,https://diavoletto-takasaki.com/cast/cast-2190/,ok,200,0,[],
dosanko-north-girls.com,6ed07c60-ea35-4ba7-b2d0-dee878e4a9d9,ノースガールズ,415c1568-d4a3-45c8-889f-f9a642793a11,https://dosanko-north-girls.com/therapist/499000/,ok,200,0,[],
eden-spa.jp,27fa70cf-43a8-4455-8427-3d266d256530,エデンスパ 梅田,abf1a141-2f84-4e97-8ec0-667e5af9974a,https://eden-spa.jp/profile?id=385,ok,200,0,[],
emperor6240.com,0d1b1d03-6001-45e4-8812-8908dc47199e,エンペラースパ 三重,56181fd8-135a-480b-8073-4d2a4db3ec1e,https://emperor6240.com/therapist/823479/,ok,200,0,[],
empress-ebisu.net,7c00a3f9-d9f5-46b3-a4bd-b9c64d8d157e,エンプレス,c76ef199-b363-4a06-960e-d4e2b0d0f80a,https://empress-ebisu.net/therapist/58720,ok,200,0,[],
empress-official.com,22ceb25d-4146-4917-83dd-bf6ec7876c41,エンプレス 水戸,1a1ae204-96a9-4e24-a043-5c46b461e9ce,https://empress-official.com/profile?lid=3,ok,200,0,[],
enel-official.com,e408cdca-e0a9-421c-943b-47765033d232,エネル,6caa0394-1524-4728-a3c9-f7d88c8c42a7,https://enel-official.com/lady_detail.php?lady_num=102936,ok,200,0,[],
eslove.jp,3548aa4b-a036-4396-b362-8e69c756cd75,マセラスパ,71cc6099-2d57-4d95-8350-621a30872cde,https://eslove.jp/shop/33386/girl/345914,ok,200,4,"[{""date"":""2026-05-23"",""shift_start"":""13:00:00"",""shift_end"":""20:00:00""},{""date"":""2026-05-24"",""shift_start"":""11:00:00"",""shift_end"":""20:00:00""},{""date"":""2026-05-25"",""shift_start"":""13:00:00"",""shift_end"":""20:00:00""}]",
esthe-cresta.com,90e1fcca-31bf-4218-bbda-9fe9894a7d13,CRESTA (クレスタ),49db2a65-1581-4d10-82ac-98048597dc71,https://esthe-cresta.com/profile?lid=5,ok,200,0,[],
esthe-first.com,f242207f-a95f-4da1-84ba-ba5e7c0ab88c,ファースト,686d43e6-6fe4-4181-b50e-19c295062401,https://esthe-first.com/therapist.html?id=takasekaede,ok,200,0,[],
esthe-macherie.com,832dbc85-5f91-4fee-a96c-f6a0a95290d5,マシェリ 北千住,cd1a0b5e-be70-40d7-8e58-2c090f10c24b,https://esthe-macherie.com/profile?lid=39,ok,200,0,[],
esthe-matsuyama.com,1b35065f-9ccd-4d7e-b8de-65205fb1efa4,メンズエステ松山,f36da09f-9074-4222-9cc7-b2384f443f9d,https://esthe-matsuyama.com/profile?lid=50,ok,200,0,[],
esthe-naturalspa.com,d0373741-11d3-4a72-a265-4ff3b2c28b38,ナチュラルスパ 蕨,4be3b27f-3f02-4f6e-bdf5-f0d7292c9137,https://esthe-naturalspa.com/cast/cast-3148/,ok,200,0,[],
esthe-paradis.com,6608defd-70c2-4bfa-9673-3103ba1b23e7,パラディ,198911a0-6db2-4609-ad28-a9b88e254b3c,https://esthe-paradis.com/lady_detail.php?lady_num=125267,ok,200,0,[],
esthe-royalbunny.com,92536871-c6ae-4093-878f-c13513fa3980,アロマンド,eebf6a15-fcf4-4093-bcd5-bbe0e11f473a,https://esthe-royalbunny.com/cast/cast-1718/,http_error,404,0,,HTTP 404 https://esthe-royalbunny.com/cast/cast-1718/
esthe-sabon.com,b2c28d93-351b-4bd8-bdcc-a69451f33e8c,サボン,cca73ffb-f0ee-40bb-b58e-6191386db1bd,https://esthe-sabon.com/cast/cast-3547/,ok,200,0,[],
esthe-spade.com,e7a36a28-3f5f-4c44-8dcb-d82fd132eebb,スペード,a3c3e8c0-c914-4ce7-949f-8db0b40512cf,https://esthe-spade.com/profile?id=62,ok,200,0,[],
esthe-specialgrade.com,4d431fb2-eb04-417b-a99b-2d1b11f1ee75,スペシャルグレード,0f5b5b6e-0efb-46d6-b0c5-d6389ec9ae55,https://esthe-specialgrade.com/cast/%e7%b4%97%e5%80%89%e3%81%86%e3%81%bf/,http_error,404,0,,HTTP 404 https://esthe-specialgrade.com/cast/%e7%b4%97%e5%80%89%e3%81%86%e3%81%bf/
esthe-theratopia.net,93ccf620-0b16-46b2-a2c0-02388b39ed2b,セラトピア,a91ef2bf-27ce-4ab6-9106-1540c28d5d65,https://esthe-theratopia.net/profile.html?sid=169,ok,200,6,"[{""date"":""2026-05-23"",""shift_start"":""18:00:00"",""shift_end"":""23:59:00""},{""date"":""2026-05-24"",""shift_start"":""00:00:00"",""shift_end"":""03:00:00""},{""date"":""2026-05-24"",""shift_start"":""18:00:00"",""shift_end"":""23:59:00""}]",
estheno-kibun.com,e0074c85-00b9-4385-b0dd-eee037f62e61,エステの気分,a8ae89da-4e44-4c13-b36c-00daec909f33,https://estheno-kibun.com/cast/cast-2443/,ok,200,0,[],
esthenotora.com,ab4a747f-93f9-4447-b683-747b57a2ab1a,エステの虎,d1619355-13ee-44d5-9f9c-add4bb28cefc,https://esthenotora.com/profile?lid=53,ok,200,0,[],
esthetic-labo.net,83b6e267-f291-4a95-97bd-9177371e5030,札幌エステ研究所,74cecb49-f801-4344-85a7-06b21022c7a6,https://esthetic-labo.net/prof/?id=421,ok,200,0,[],
excellent1919.com,41ee1b80-ff98-42af-b9b7-b522384a78db,エクセレント (excellent) 岡山,a88324bd-ed6c-473e-afb7-2cab2b4e5102,https://excellent1919.com/therapist/715595/,ok,200,0,[],
fairy-touch.com,dbe66968-c93a-4fec-9ec5-9aa1fda0072b,フェアリータッチ,0bed3703-b98a-4ac1-9316-68bfa100e375,https://fairy-touch.com/profile.html?8492https://fairy-touch.com/profile.html?8492,ok,200,0,[],
fantasy-spa.com,bfbe78b8-21ff-41c0-ad88-a12d97928850,ファンタジー 旧五感,78972925-3465-42c0-a8e5-85ab94a58bc8,https://fantasy-spa.com/profile?id=39,ok,200,0,[],
felix-tokyo.com,a59ff684-ffd9-48a3-8325-d1a705538e18,フェリックス,32871300-a229-4617-a085-61c6590019a7,https://felix-tokyo.com/therapist/62857,ok,200,0,[],
femmefatale-osaka.com,61c0f4bf-a447-40d8-a7ae-546a9094ead9,ファムファタール,64c6ba09-b37e-495d-a923-74e943047ded,https://femmefatale-osaka.com/list/profile/?uid=411,ok,200,0,[],
final-aroma-fantasy.men-es.jp,19d67141-c66d-4217-873f-73b2d169a1af,ときめき竜宮城,3a4ca5d0-87e5-4f22-843c-b7c63b0f25c4,https://final-aroma-fantasy.men-es.jp/profile.html?sid=29,fetch_error,,0,,fetch failed
fivespot-utunomiya.com,6f02d28d-a31f-469e-ad02-ca43d0473bd3,ファイブスポット 宇都宮,c1e1245a-05f5-4df1-ab97-864158dee830,https://fivespot-utunomiya.com/item_10015150.html,http_error,404,0,,HTTP 404 https://fivespot-utunomiya.com/item_10015150.html
flyingspa.jp,4c81b0a5-f0b1-4ffc-9065-6b37a4fa4de5,フライングスパ,5fc860e1-2469-4035-80b9-05069645cd29,https://flyingspa.jp/list/profile/?uid=111,ok,200,0,[],
fortuna-spa.com,fcefa7f3-8407-4345-b7d0-c256c4fca891,フォルトゥナ,b60f91f6-2110-4fe4-bfce-086eeaea76ef,https://fortuna-spa.com/profile.php?sid=168,ok,200,0,[],
fortyfive-45.com,c5a13cfc-ccd3-4f10-9a88-a79e87d78a97,フォーティーファイブ (FORTY FIVE),f2a5d8ee-a58e-4e43-992c-7b5a7da212e5,https://fortyfive-45.com/profile.html?sid=64,ok,200,0,[],
fortyfive.men-este.net,c5a13cfc-ccd3-4f10-9a88-a79e87d78a97,フォーティーファイブ (FORTY FIVE),b2b1efe0-ffcf-44fe-885e-d7aa0468bddb,https://fortyfive.men-este.net/profile.html?sid=32,ok,200,0,[],
frog-spa.com,56435a94-b63c-44eb-a308-03233bc1c3c9,FROG SPA (フロッグスパ),40123f35-8ac3-400e-8a86-fd6330527fbd,https://frog-spa.com/author/jyousima/,ok,200,0,[],
fujoho.jp,98538a49-4829-4557-89b3-69558ac6ca80,極みのワイフ,9d0976e7-ced3-49fd-896c-ef136440ed9f,https://fujoho.jp/index.php?p=shop_girl_blog&id=156142480&shopId=64858&girlId=4576607,ok,200,0,[],
fukiage.senju-lamp.com,4277a8ee-618f-4a25-950c-3298e1d5897d,らんぷ 吹上,39c704a8-7778-4f12-aab2-60aabd1c9e16,https://fukiage.senju-lamp.com/therapist/IDMTGVDN,ok,200,0,[],
fukuyama-kerry.com,80a52833-8bfa-4ab3-85b3-1fdd9b420642,ケリー,55dfadb8-3b8d-4d67-9169-397cb6e7d60e,https://fukuyama-kerry.com/therapist/292330/,fetch_error,,0,,fetch failed
funabashi-deep.com,a6707e0f-f9d4-4e6c-83ea-84c6a91fa1c4,船橋ディープ,7c918012-e7c2-49ab-9d7f-fde1d487ffb5,https://funabashi-deep.com/profile?lid=6,ok,200,0,[],
fururi-nagoya.com,56f98836-a54c-4182-820a-42343cec6209,花うた 旧ふるり,156d1ed8-b36d-40c6-9983-c09e846b5fb4,https://fururi-nagoya.com/profile.php?sid=21587,fetch_error,,0,,fetch failed
garden0910.com,6349ddb0-97e0-40d6-8d5b-019caac982e3,ゴールデン,37996f68-758b-4431-b199-4b48705f14d9,https://garden0910.com/therapist/%f0%9f%91%91%e3%81%aa%e3%81%aa%e3%81%bf%f0%9f%91%9127%f0%9f%91%91/,ok,200,0,[],
gardenspa-official.com,c9c7b7e4-d1d4-4742-bf02-a46b8adf84b0,ガーデンスパ,a0edad1a-41ff-4418-bcb4-e38357f138b7,https://gardenspa-official.com/profile?lid=461,ok,200,0,[],
gentlemen-house.com,ce2e0382-a6a5-469d-93e9-f2bf6d6b7b88,紳士のおうち,b6215583-ea4a-410c-adf8-d3fbb57d4818,https://gentlemen-house.com/profile?lid=117,ok,200,0,[],
ginirokikaku.site,565c42bd-f628-48ae-98c7-53cb51314d70,ギンイロキカク,c0132aa0-5bb1-4d86-b968-316fd2c781ba,https://ginirokikaku.site/therapist.html?id=1640,ok,200,0,[],
ginza-mens.com,98265f8f-4c38-4b6a-9972-ba962d9dff58,銀座のニューエステ,be79d984-d353-40ad-90a9-ea36f4d7fd0a,https://ginza-mens.com/cast/cast-2190/?_gl=1*uo67a1*_ga*MjA3OTg1MTUwMS4xNzMzMzA5MTky*_ga_481J32YP90*czE3Nzg1OTU4NjAkbzY5JGcwJHQxNzc4NTk1ODYwJGo2MCRsMCRoMA..,ok,200,0,[],
ginza.menes-jp.com,98265f8f-4c38-4b6a-9972-ba962d9dff58,銀座のニューエステ,59c3ec31-ff6e-49e5-96ed-602c76bf6328,https://ginza.menes-jp.com/cast/cast-1971/,ok,200,0,[],
glossosaka123.com,807505c7-7cc9-42d4-b605-17776fb674fb,The Gloss (ザ・グロス),2e693d3b-5b34-4914-aa4e-b4a0920e4331,https://glossosaka123.com/therapist/725496/,ok,200,0,[],
goat-osaka.com,4efd906c-507d-403b-9e02-a630ebf69268,G.O.A.T 旧琥珀,300f8b76-0071-44b3-bdf5-4ba95eb04728,https://goat-osaka.com/profile?id=65,ok,200,0,[],
godbless-spa.com,898d38d5-6280-430b-8f0d-c5b7afbf402c,ゴッドブレス,9e0aae86-0f0f-4e2f-ac98-7f27b7e2dbc5,https://godbless-spa.com/therapist/56233,ok,200,0,[],
gohoubispa.com,a87dfb4e-1bc1-4ff5-b5a3-e2f90b43418a,ごほうびスパ,6894997c-75fb-4d47-b2ea-00f8f8d61b51,https://gohoubispa.com/therapist/197986/,ok,200,0,[],
gold-m-e.com,5e0ca97d-a0fd-4910-a785-bd3cd4574fcd,ゴールド 元ザクラス,b3043a04-8f68-42e1-b5cf-f7fbbf6adbec,https://gold-m-e.com/profile?lid=37,ok,200,0,[],
golden0508.com,6349ddb0-97e0-40d6-8d5b-019caac982e3,ゴールデン,c5a18c43-04a3-4207-8f38-40e2783124e0,https://golden0508.com/therapist/👑なつめ👑19👑/,http_error,404,0,,HTTP 404 https://golden0508.com/therapist/👑なつめ👑19👑/
goodspa-evo.net,f96d2467-d683-4a3f-9152-864c0df339ae,グッドスパエボリューション,b1b6bcc7-23b1-42e0-8c21-c58b83312956,https://goodspa-evo.net/list/profile/?uid=147,ok,200,0,[],
graff-esthe.com,bb0c2f60-4c10-4503-9cd7-ae590d18f601,Graff (グラフ),09891657-7d33-4825-bc57-cb39e32ecde7,https://graff-esthe.com/profile.html?sid=31,ok,200,1,"[{""date"":""2026-05-28"",""shift_start"":""15:00:00"",""shift_end"":""19:00:00""}]",
greenapple-esthe.com,8d30a49e-14cd-4837-ba33-4d67071c1fc5,グリーンアップル 旧レッドアイ,dba82c8e-790c-40fc-859f-c9a6616a1a03,https://greenapple-esthe.com/therapist/57714,ok,200,0,[],
h.re-db.com,534797b9-f07d-41de-bb84-935d58fd9cf2,らんぷ 八王子店,e0912c08-29f3-4ac2-9a0c-9276acfb6f22,https://h.re-db.com/therapist/IDHLVEND,fetch_error,,0,,fetch failed
h.senju-lamp.com,534797b9-f07d-41de-bb84-935d58fd9cf2,らんぷ 八王子店,90a05649-e492-43da-9375-26460d2135c1,https://h.senju-lamp.com/therapist/IDYENDGK,ok,200,0,[],
haku-esthe.com,49806f5f-3c6f-4988-97d5-9491819b4381,HAKU (ハク) 静岡,80f05b86-78fe-4479-89e8-e10891a77d7c,https://haku-esthe.com/profile.html?sid=14,ok,200,0,[],
hanauta-nagoya.com,56f98836-a54c-4182-820a-42343cec6209,花うた 旧ふるり,78503211-2b60-4808-85dc-f29fbcad7081,https://hanauta-nagoya.com/s/profile.php?sid=22774,ok,200,0,[],
hanazono8787.com,cf74b213-e3b5-4e02-bb7c-428a5770bf7a,ヒミツの花園,63115019-4dd2-445e-a222-f4bec756b101,https://hanazono8787.com/therapist/780461/,http_error,404,0,,HTTP 404 https://hanazono8787.com/therapist/780461/
hanjuku-spa.com,84c9a615-4cc9-43e7-976d-c5640b5a6c35,半熟SPA,fd5b0aa0-f98a-4ebf-bbc9-2cc29cf8fbcd,https://hanjuku-spa.com/therapist/16,ok,200,0,[],
hcoj.jp,3e8b298b-91ef-4269-83b9-f5fe1634ec9d,アロマサロンドJ,ff7a6da8-9c44-4f0c-8fde-e81cc931f97f,https://hcoj.jp/staff/,ok,200,0,[],
hightime-spa.com,c06bdec8-ba7c-4e30-88f3-71f9cecbf770,ハイタイムスパ,cf6270bf-0e5d-4fa8-839c-11d25916697f,https://hightime-spa.com/profile?lid=277,ok,200,0,[],
hihouden.net,7802817b-cfe1-41fc-aa50-6253885863ee,秘宝殿,ff5c0f24-9879-476a-ae3e-e8d38e256920,https://hihouden.net/profile?lid=115,ok,200,0,[],
himitsuno-tobira.com,ca92391d-7e31-4c5f-8e07-b25e60373a28,秘密のとびら,2a1ace70-3c3d-4811-904c-d6ff634f20d0,https://himitsuno-tobira.com/profile?lid=104,ok,200,0,[],
hiroshima-grace-spa.com,5fcb467e-0185-4240-9e8e-ee221dad9918,グレイススパ,3e1f1c10-643e-4dc7-a99e-d4ea2e5d474f,https://hiroshima-grace-spa.com/profile?id=30,ok,200,0,[],
hissatsu-tengoku.com,21f6d301-51b1-45eb-98ed-c59af53165bc,必殺天国エステ,480d8930-8fea-44c0-b67d-699c3297c77a,https://hissatsu-tengoku.com/profile?lid=29,ok,200,0,[],
hisui-esthe.com,4e65fea4-e274-4068-a939-97b345225624,妃翠,f798c40f-118c-4a9c-a89c-2289bb438006,https://hisui-esthe.com/therapist/64963,ok,200,0,[],
hitozumajukujyoesute.com,7ea19cce-1a1d-4d9e-89ba-4a738bf3c5c8,人妻・熟女エステ,79847bf9-a3f5-42b8-a281-8930b836d45f,https://hitozumajukujyoesute.com/therapist/844567/,ok,200,0,[],
honoka-yokohama.com,8aa2ca1e-2f5b-442e-ae61-c81503f9ff2e,ほのか,eb375317-d6ff-4e7f-af0f-8e3348ae40b8,https://honoka-yokohama.com/item_10029294.html,ok,200,0,[],
hoshino-yubiwa.com,0f2794fd-113c-4252-b48b-75fd3172fe5a,星の指輪,4b84c38d-a68e-46be-bdd2-47285501dda7,https://hoshino-yubiwa.com/profile.html?sid=170,ok,200,0,[],
hotlip-omiya.site,3a5217a9-caa1-48f8-966f-807914722630,LaCiel (ラシェル),3ecea95e-5794-40e7-bd41-00c4eaf64f15,https://hotlip-omiya.site/therapist.html?id=1345,ok,200,0,[],
hurricane-esthe.com,db946396-aee9-4a1a-a5bd-ceccb0df2975,HURRICANE (ハリケーン),a703b3cb-2e31-4bc7-85d1-0fd90acb6b4d,https://hurricane-esthe.com/therapist/50393,ok,200,0,[],
ikebukuro-zoo.com,234d68ed-a363-45e7-b1aa-a81ea2cc994f,アドベンチャースパ ズー,6c922dc0-df9d-4040-8859-277b57130f87,https://ikebukuro-zoo.com/profile?lid=259,ok,200,0,[],
jewelry-spa.com,fd2b2740-d4ec-47c7-a337-8d64d219413f,ジュエリースパ,f85a2f16-a579-49da-b00d-3768a74a6bd1,https://jewelry-spa.com/profile/_uid/3847/,ok,200,0,[],
jewelryspa-nishiarai.com,fd2b2740-d4ec-47c7-a337-8d64d219413f,ジュエリースパ,f63c92c9-9cc1-4f85-913b-738d6b72e4ca,https://jewelryspa-nishiarai.com/therapist/56839,ok,200,0,[],
jungle-spa.net,143bb335-ea58-4076-8e3a-e2d310376034,JUNGLE SPA (ジャングルスパ),f666195e-ec8e-44ef-9bf7-40bf5ca85446,https://jungle-spa.net/profile?lid=12,ok,200,0,[],
jungle.esthp.com,143bb335-ea58-4076-8e3a-e2d310376034,JUNGLE SPA (ジャングルスパ),fa4c5b5b-9a20-4f9a-a745-64adc4edcf8e,https://jungle.esthp.com/profile.html?4564,fetch_error,,0,,fetch failed
k-luxue.net,a60c9e0f-9b26-4bdd-b13c-5a54b7744edd,ラグジェ,4edf6a36-0875-4b0a-96c0-13da7d8ba5ad,https://k-luxue.net/profile.html?sid=36,http_error,404,0,,HTTP 404 https://k-luxue.net/profile.html?sid=36
kaguya-esthe.com,6c8ef4d1-1c17-4238-85b3-424deafd4dcb,カグヤ ～星乃幻想～,7cd13d33-8f4e-4996-b803-845f0a3c957c,https://kaguya-esthe.com/cast/detail.cgi?status=17,ok,200,0,[],
kamigaminospa.com,9f7f5e05-6921-4c0e-b1b4-6136cc10b1b2,神々のスパ,40367d9d-1292-4c01-9964-715d32025460,https://kamigaminospa.com/therapist/63548,ok,200,0,[],
kanojonti.com,61b13dd2-4584-4432-95b6-407eaf1ad13c,彼女ん家,ae48ef98-27ef-41e2-851c-d6a34df466db,https://kanojonti.com/profile?id=593,ok,200,0,[],
kanojyo-spa.com,f729fcb0-16e1-4620-815c-082c8a1a831c,カノジョSPA,29631915-a253-4095-a7ee-9c5649d8e8a2,https://kanojyo-spa.com/profile.html?sid=84,ok,200,0,[],
karisome.jp,2ce1b480-83cf-4b9f-8266-5efc442ade90,Karisome (かりそめ),6982b55e-6a34-4952-9745-55854ac0bfb0,https://karisome.jp/list/profile/?uid=97,ok,200,0,[],
kawa-spa.com,9fe94e88-e0f2-4796-8a8f-a7facc22d1ea,カワスパ 旧すとろべりーぱふぇ,af73e6a4-67eb-4b19-b2fa-f9b1ddd3cbfd,https://kawa-spa.com/therapist/57470,ok,200,0,[],
kerry-fukuyama.com,80a52833-8bfa-4ab3-85b3-1fdd9b420642,ケリー,3182faf8-c537-44f4-aa30-115a5e0858a1,https://kerry-fukuyama.com/profile?id=40,ok,200,0,[],
kimagure-s.com,02a55301-e89b-4ec1-af67-1153848fa39e,きまぐれスパ,cac370f3-0b46-48ed-998f-e869c04055d5,https://kimagure-s.com/therapist/548793/,http_error,404,0,,HTTP 404 https://kimagure-s.com/therapist/548793/
kimagurespa.blog.jp,02a55301-e89b-4ec1-af67-1153848fa39e,きまぐれスパ,d0303e47-1eec-496f-93ed-61d10c08d78f,https://kimagurespa.blog.jp/,ok,200,0,[],
kingspa.jp,8d0a661f-9e22-423d-be34-07bec8fe500e,キングスパ 綱島,f8283118-cdb4-46e4-acd4-ca9b44cee18b,https://kingspa.jp/therapist/44225,ok,200,0,[],
kiramekispa.com,882ef409-d07c-4ecf-85a9-0a9aa3ab344e,煌めきSPA (キラメキスパ),72edaaba-24ec-4cbc-888f-878033598cab,https://kiramekispa.com/list/profile/?uid=11,ok,200,0,[],
kirara.esthe-hp.com,9db032fe-f1a1-4a03-8dab-f13d9619f6d9,kirara（きらら）,ac36cd26-2256-42c5-b13e-cf0f686720f7,https://kirara.esthe-hp.com/item_10030010.html,ok,200,0,[],
kitashinchiceleb.com,0d141289-223b-41a6-a999-5d73d9a496c9,セレブスパプレミアム,b8789878-1988-4c1e-91e0-a5bd1510b64a,https://kitashinchiceleb.com/profile/58cbaed497bc87a548bf65dc1f8d6f5170aaff9b.html,ok,200,0,[],
knit-esthe.com,40e57b37-dbb3-4a5f-b5a1-ed4aef5ca8d0,ニット,0bfada1f-e1ed-4320-8abd-0ddaf35e8994,https://knit-esthe.com/index.php/module/Store/action/GirlInfo/Store_Id/42/User_Id/2107,ok,200,0,[],
kohakuosaka.com,4efd906c-507d-403b-9e02-a630ebf69268,G.O.A.T 旧琥珀,99b73faa-d4ef-4b28-907e-dd91f99fb9c9,https://kohakuosaka.com/profile?id=12,ok,200,0,[],
kurashiki-collection.com,ae7aaefa-80d6-443a-bd76-65f572161bf9,倉敷コレクション,1de14145-edb5-478c-b827-90f31f6ffe9c,https://kurashiki-collection.com/profile?lid=1,ok,200,0,[],
kyokano.com,0dd27ff9-a12a-4090-af1b-f853556cd493,今日だけ彼女 (キョウカノ),3503b27e-3866-4c73-a1f8-470ee90bd51a,https://kyokano.com/profile.html?sid=14,ok,200,0,[],
kyoto-ryu.com,dc195a21-583b-4065-84f7-6a289adbc811,リュウの宅急便 旧スタイリッシュ,8927dd36-9c0e-4c1b-b16c-d8a1a1e220bb,https://kyoto-ryu.com/profile?id=75,ok,200,0,[],
l-madori2024-10-5-7-9.com,b51dc42b-a408-4ce1-b2ff-d69a52bddc2c,ルルマドリー,db275475-c3b7-4afa-922f-4b02829c2f7e,https://l-madori2024-10-5-7-9.com/therapist/694420/,ok,200,0,[],
lala.esthe-hp.com,beeba622-ee93-4394-9c3e-d9febfe87011,ララ (LaLa) 武蔵小金井,6d680df3-d78e-4c4c-8c02-a7213551badb,https://lala.esthe-hp.com/item_10030847.html,ok,200,0,[],
lancom.jp,a92dafa9-b736-4b21-acf6-7001491ca81f,ランコム,42954c97-1970-425a-b4cc-4bf196738b56,https://lancom.jp/list/profile/?uid=17,ok,200,0,[],
lapacesapporo.com,fd3fac49-6007-495c-ac93-d6e66449a804,ラ・パーチェ,aa91c5fc-0a55-479a-9267-76accff37fba,https://lapacesapporo.com/therapist/838039/,ok,200,0,[],
leon-menes.com,269fea93-b38f-4920-8ff0-d17108289561,レオン 北海道,a544f7d8-3d59-4c8a-9209-be700ca855ed,https://leon-menes.com/cast/2402/,fetch_error,,0,,fetch failed
leonmenes.com,269fea93-b38f-4920-8ff0-d17108289561,レオン 北海道,b8c6ef54-9f62-48f5-8d27-11250e0d15c3,https://leonmenes.com/therapist/730359/,ok,200,0,[],
li-viall.com,7e1f3f75-a101-4445-95e7-3f81be11372f,ルイヴィオール,fe20fe71-7e5c-459d-84f3-f2fb8bc4f9da,https://li-viall.com/casts/cast-6149/,ok,200,2,"[{""date"":""2026-05-27"",""shift_start"":""17:00:00"",""shift_end"":""23:00:00""},{""date"":""2027-05-22"",""shift_start"":""19:00:00"",""shift_end"":""23:00:00""}]",
liora2024.com,0601b914-56ce-4765-bd03-ed9223456db5,リオラ,0f8d2286-ee8f-46e3-bcc2-5f5170b9fefb,https://liora2024.com/profile?lid=5,ok,200,0,[],
lippsesthe.com,4e062d91-e4d4-4e0e-9ef9-1341eb1ebbce,リップス (Lipps),3d3286bd-3764-43aa-9ac9-04649ddf9976,https://lippsesthe.com/profile?lid=6,ok,200,0,[],
lirica-osaka.com,892ede6b-7677-456e-b82a-acb212744d21,リリカ大阪,678f987c-90cd-41d1-a445-bd23cb1c1b0a,https://lirica-osaka.com/profile?id=520,ok,200,0,[],
livspa.net,39e800b6-5e3f-4458-8426-c0ba77734d8c,リブスパ,69e7ed84-39ad-4a9b-867d-9b78c1965f72,https://livspa.net/therapist/61918,ok,200,0,[],
love-plus.jp,e7d63718-7c27-4bff-a9b2-127ada46779f,ラブプラス 大阪,3d61b790-9959-4070-9305-fbd5a0ea97aa,https://love-plus.jp/gals/profile/?uid=459,ok,200,0,[],
lovelove-menes.com,9bde137f-691c-4a4e-a797-f6a96344d028,ハイグレードラブ 上野,0f600503-2463-4049-ac48-f3f2f15b75d7,https://lovelove-menes.com/therapist/527889/,ok,200,0,[],
luanaspa.jp,274ebc8c-e8ff-4e40-a5d5-d1bbeae3c69a,ルアナスパ 高崎,e1f95c00-60c3-425a-a5bd-ee5e11635548,https://luanaspa.jp/profile_319.html,http_error,404,0,,HTTP 404 https://luanaspa.jp/profile_319.html
luanaspa.net,4c0c7736-d236-426b-9364-35e1334b0460,Luana SPA (ルアナスパ) 梅田,c83b6499-9ae4-4f99-b04d-b3a3aa84a306,https://luanaspa.net/profile?id=56,http_error,404,0,,HTTP 404 https://luanaspa.net/profile?id=56
luce-esthe.com,65b9a647-96ce-4e7a-ad61-bebd28494003,ルーチェ 大和,c4e8920f-e3c2-4f3c-a727-6560cc0d87db,https://luce-esthe.com/therapist/49308,ok,200,0,[],
lumiere-et-ombre.com,f0282f7f-87c0-4f31-8cfe-e2e9907f10d9,ルミエールエオンブル,778f2c93-ecfe-411d-843f-2c0aecb7e072,https://lumiere-et-ombre.com/profile?lid=8,ok,200,0,[],
lumitia-aroma.men-este.net,128bd270-9070-47f7-8870-4f0421959c0a,Lumitia (ルミティア),27de2769-a0ae-41fc-b731-cc0edc0aa733,https://lumitia-aroma.men-este.net/profile.html?sid=37,ok,200,1,"[{""date"":""2026-05-28"",""shift_start"":""17:00:00"",""shift_end"":""22:00:00""}]",
lumo-esthe.com,0f41b700-b129-43a3-a78d-0275cce67672,ルモ,a0d15e2c-276e-467c-89cc-5d853f0b0164,https://lumo-esthe.com/casts/cast-6534/,ok,200,6,"[{""date"":""2026-05-23"",""shift_start"":""20:00:00"",""shift_end"":""23:59:00""},{""date"":""2026-05-24"",""shift_start"":""00:00:00"",""shift_end"":""05:00:00""},{""date"":""2026-05-24"",""shift_start"":""20:00:00"",""shift_end"":""23:59:00""}]",
luxentique.net,ed50c522-5d5f-4049-ab84-8f6c924dfa4e,ラグザンティーク,5c16f44b-d2c8-4e00-9a78-e55446eaa199,https://luxentique.net/profile?lid=167,ok,200,0,[],
luxmoment.net,14930011-7f61-4a57-b64f-0a7702ee0de6,ラグモーメント,6dd10a81-c116-47da-91b2-d07595171b0c,https://luxmoment.net/profile?id=41,ok,200,0,[],
m-grandspa.com,cb2b3c4d-02ea-4036-b657-3d1434bd80fa,グランドスパ,b2131107-cc9a-46c8-8d46-16ba4f2f6f09,https://m-grandspa.com/profile?id=165,ok,200,0,[],
madame-rouge.net,617e06a1-5a8e-4e7e-83fc-0678e7f3b50e,マダムルージュ 旧マダムリライフ,a8c87bd8-ef8c-4733-a40a-725f72a493e2,https://madame-rouge.net/profile/30366,http_error,500,0,,HTTP 500 https://madame-rouge.net/profile/30366
madame.rlf.jp,617e06a1-5a8e-4e7e-83fc-0678e7f3b50e,マダムルージュ 旧マダムリライフ,e3cb12b7-29f3-4ce3-8ae5-9198965114e4,http://madame.rlf.jp/pc/profile.php?cast_id=8307,fetch_error,,0,,fetch failed
madamerlf.com,617e06a1-5a8e-4e7e-83fc-0678e7f3b50e,マダムルージュ 旧マダムリライフ,8fc556e2-2af7-4683-9650-d0681de02601,https://madamerlf.com/profile/27639,http_error,500,0,,HTTP 500 https://madamerlf.com/profile/27639
madamsecret-esthe.com,5e60b9cc-623b-4d82-8080-2b766aa98225,マダムの秘密,9d562d21-7fbe-445f-b89e-301363488fc0,https://madamsecret-esthe.com/profile.php?sid=230,ok,200,0,[],
mandalas.men-este.com,a7f0913b-aaf1-4769-a18f-95c513da2e30,マンダラズ,ebb950e9-cdcc-41cd-8190-d7a89607708d,https://mandalas.men-este.com/profile.html?sid=26,ok,200,0,[],
mandarin-spa.net,9fe633a0-644e-4706-9df1-b17115a17e8d,マンダリンスパ 神楽坂,0f19f98a-5a50-4307-81fd-50da79523864,https://mandarin-spa.net/profile/?id=20,fetch_error,,0,,fetch failed
mariaelena.jp,331a3efb-1ff6-4771-8256-043a7c8ca9b3,マリアエレーナ,73150b07-b4ec-4694-935d-613888d3c4e7,https://mariaelena.jp/list/profile/?uid=6,ok,200,0,[],
marispa.jp,a5bcbf4e-882a-44d1-8449-86e26d069177,マリスパ,2a38384a-f82d-47e4-80a6-e58721fd3c24,https://marispa.jp/list/profile/?uid=2,http_error,404,0,,HTTP 404 https://marispa.jp/list/profile/?uid=2
masera-spa.com,3548aa4b-a036-4396-b362-8e69c756cd75,マセラスパ,4c44e19b-bb0c-499b-baaf-6f83704ef285,https://masera-spa.com/profile?id=16,ok,200,0,[],
massage-aqua.net,42ba21fc-6639-4bbd-be3c-c197c92f1d97,ラグジュアリースパ アクア,c06590bd-3ea7-42f0-9034-e74dd023709b,https://massage-aqua.net/item_10012928.html,fetch_error,,0,,fetch failed
matom.net,932eb058-08ed-41ab-9cd6-7e11a2445c4e,グランマトム 旧マトム,01f8d50f-eaca-439b-822b-f979ebd1fdba,http://matom.net/cast/detail.cgi?status=269,ok,200,0,[],
me-kawaii.com,25ea70b5-40eb-4621-8213-d53a71a75550,プラチナ 栃木,cddd2404-77e9-4549-8229-af6b608c6041,https://me-kawaii.com/lady_detail.php?lady_num=131661,fetch_error,,0,,fetch failed
meguro-e.com,60e47840-089c-465d-92c0-16a92b5b858e,エステスパ,95894b4a-6011-4fbd-b13f-031040029258,https://meguro-e.com/profile.php?sid=231,ok,200,0,[],
melt-rich.com,4b9434bf-8027-4172-9716-2b86aca6aae0,メルトリッチ,c11d9465-9b9c-4648-b3b9-5ef55bb860e0,https://melt-rich.com/profile?lid=21,ok,200,0,[],
men-esthe.jp,5e0ca97d-a0fd-4910-a785-bd3cd4574fcd,ゴールド 元ザクラス,c22da1b8-cfb1-4403-804b-5b235fc28275,https://men-esthe.jp/admin/add-therapist.php?salon_id=5608,ok,200,0,[],
menes-grace.com,7722f980-6fb7-40a2-9efa-a521d05f985d,グレイス 成増,87872621-fa4e-497b-b80c-6fc7ac6fdfb3,https://menes-grace.com/cast/cast-2526/,ok,200,0,[],
menesu-akihabara.jp,d6a1dd84-6b4b-465d-b4d1-823f7d918a22,コットンスパ,d9bfabca-eb18-434a-98dc-f7a435cd2af0,https://menesu-akihabara.jp/therapist/61147,ok,200,0,[],
mens-este.com,766f085c-9f6d-4769-a687-96c95dcf5d33,メンズエステ恵比寿,a2c1033c-c6a0-4990-9e32-1e25d64ae22c,https://mens-este.com/therapist/profile.php?id=1539,ok,200,1,"[{""date"":""2026-05-25"",""shift_start"":""10:00:00"",""shift_end"":""18:00:00""}]",
mens-esthe-aroma.site,b8b750a6-a6dc-4e67-bed7-7c86709b11cd,小悪魔スパトウキョウ,0a8a8e99-2915-4cfb-8551-7330c519f00d,https://mens-esthe-aroma.site/therapist.html?id=1737,ok,200,0,[],
mens-spa-bell.com,280fce19-45a0-48b0-bedc-8e04a70486f6,Men's Spa Bell (ベル),6e391af1-c2f9-42be-aaf8-95dc1952673b,https://mens-spa-bell.com/profile?lid=8,ok,200,0,[],
mensesthe-nippombashi.com,fe5c4a0c-ffff-4ec0-b727-5eae4a8742e5,メンズエステ日本橋,51fd0025-e804-4f97-b63d-1c775aebf2cd,https://mensesthe-nippombashi.com/profile?lid=4,ok,200,0,[],
mensesthe-yohaku.com,75a411dc-ea6b-47b0-80df-082580b087be,余白 町田,d812a3fd-dec0-4961-9324-255c5686bf82,https://mensesthe-yohaku.com/profile?lid=21,ok,200,0,[],
mensspa-r.com,b01bf044-02c1-41a7-b0f2-948f99076436,メンズスパ アール,16480873-de79-4bec-844d-86ea0714af93,https://mensspa-r.com/lady_detail.php?lady_num=118319,ok,200,0,[],
menzesthe.com,abf96f48-0ee3-4cb6-9795-1c4406812d77,ガールズスパ,6c45e6f2-8862-40e8-b676-d40f16d933df,https://menzesthe.com/profile/mio/,ok,200,0,[],
michelism-sapporo.com,b8820127-2a34-493a-8651-db0f0736e1af,ミシェリ 旧エルベル,d821ce47-e5a7-418e-93b0-a7481dc1aea3,https://michelism-sapporo.com/therapist/773939/,ok,200,0,[],
milk-peach-aroma.com,3a78e7ca-3d43-417e-afec-a37e6891121b,ミルクピーチ,96fc312b-f60d-4231-9639-0b52e3d1c0d1,https://milk-peach-aroma.com/profile.html?sid=40,ok,200,1,"[{""date"":""2026-05-28"",""shift_start"":""12:00:00"",""shift_end"":""21:00:00""}]",
mimispa-ginza.com,716c4451-0190-4269-be70-fe1468b3b64a,ミミスパ 銀座,17cc89a2-97cd-45ea-ab19-1f55d2b47579,https://mimispa-ginza.com/profile?lid=104,ok,200,0,[],
minowa.senju-lamp.com,846d3559-a781-4a2b-bea1-fd8c018b6048,らんぷ 三ノ輪,ee68b70f-f15b-4283-9d3f-95e1167bb4f2,https://minowa.senju-lamp.com/therapist/IDZJPDSW,ok,200,0,[],
minuet2025.com,a70d46ea-b8c0-4211-8605-df57a6fc17dd,ミヌエット,ea0eb348-f4ed-4cd9-a192-1923de8516ae,https://minuet2025.com/profile?lid=38,ok,200,0,[],
mnotameni-esthe.com,bcb7eafd-cfa9-4b36-b31f-799a278d242b,Ｍの為に,3ded2f27-d780-4871-83f3-7ea40f7ce469,https://mnotameni-esthe.com/cast/cast-19797/,http_error,404,0,,HTTP 404 https://mnotameni-esthe.com/cast/cast-19797/
momoten.men-es.jp,ecd53d32-231e-4900-8972-9816bf9a25ab,桃色天使 旧モモテン2.0,94308a10-aac6-45a9-940f-04bc17fa1065,https://momoten.men-es.jp/profile.html?sid=45,ok,200,0,[],
monroe-menes.com,27997dd9-213b-4d61-9145-66f76e882598,モンロー,8a08aa83-b998-4361-9b2c-efcc2129db17,https://monroe-menes.com/cast/%E3%81%88%E3%82%8A/,ok,200,0,[],
motejo.net,5276e337-d2ea-43f3-a971-ca5d30ea0810,モテジョ,1ee13e1d-e6b7-4dc1-9d31-ee615f0611f3,https://motejo.net/list/profile/?uid=17,ok,200,0,[],
mrs-iyashi.com,36c8c727-1d5f-4442-bb29-272d84a05173,ミセスの癒しエステ,aaf7d6c9-5360-43bf-9d9e-16c54999972b,https://mrs-iyashi.com/profile.html?uid=11285,ok,200,0,[],
mrs-komoriuta.com,21792df6-cd8c-4b92-bd9e-67b2a5e579dd,ミセスの子守唄,b50b9fa8-20a4-48fe-b4f8-03e8c2288c5f,https://mrs-komoriuta.com/list/profile/?uid=199,ok,200,0,[],
mrs-madonna.com,4d051648-cb45-482b-8e21-6541bace1def,ミセスあまおうセラピ 旧ミセスマドンナ,c3e8d2c0-e1f1-4d0a-b053-8fdbbc3e4fe8,https://mrs-madonna.com/lady_detail.php?lady_num=58491,fetch_error,,0,,fetch failed
mrs-premier.com,245cb406-637a-4dc8-ad24-e39c91f1d083,ミセス大阪メンズエステ プレミア,e516e199-4800-4073-b65c-6673cbeb052c,https://mrs-premier.com/profile/2aa4993795ca7c225b270f792d62a81db830ae16.html,ok,200,0,[],
mrsjolie-osaka.com,96a366d9-8999-4d1b-9b37-85cd84c84612,ジョリエ 大阪,75334213-238b-4631-bf7e-79ed3a977b72,https://mrsjolie-osaka.com/profile?id=470,ok,200,0,[],
mrsx1-spa.com,7bdfa4b7-6109-4b06-b0e0-e9cca318f23a,ミセスエックスワン,6339189b-1778-46a3-8777-e3ce561d9302,https://mrsx1-spa.com/therapist/620461/,ok,200,0,[],
mtime-yokohama.net,b844fd2e-b54a-4ed8-ba51-1ca0850eaf69,エムタイム 旧セレーネ,9c91a6e7-c2e2-493a-b246-398ce7af8af4,https://mtime-yokohama.net/profile?lid=36,ok,200,0,[],
mufufu-foot-care-center.com,b64f1284-2d6e-41c8-b0b2-4da427eb9e88,ムフフフットケアセンター,0bbb9bef-2eec-4169-82e8-c6e2a06dc9da,https://mufufu-foot-care-center.com/staff/%e6%b5%85%e8%a6%8b%e3%81%b2%e3%81%aa%e3%81%9f/,ok,200,0,[],
nagoya-olive.com,551a96c8-aef4-4536-9790-05362ce89bcc,オリーブ,383fb9eb-564d-4478-be3c-8db566f0ee9b,https://nagoya-olive.com/staff/details/010ba5d8-07e7-4cfc-ac02-35f8116d543d,ok,200,0,[],
namexspa.com,c52bea3e-eb3e-40c8-a404-3078d8747e8d,ナメックスパ 旧レッドリボン中野,cf3a5b06-7d80-4b8c-9d35-fbde13b028d8,https://namexspa.com/therapist/56002,ok,200,0,[],
naniwajoshi.com,3bc9177d-01fe-4895-8585-4751d9772da7,なにわ女子,26021653-ec90-4267-a0d1-34ceb1d5096b,https://naniwajoshi.com/profile?id=195,ok,200,0,[],
noir-esthe.com,8252b809-4dcf-4079-bf5e-7da5addd3c59,ノアール 旧ラトゥール,4ba462ae-49cf-45db-87d8-4ef766fb23f3,https://noir-esthe.com/cast/cast-1725/,ok,200,0,[],
nukumorilabo.com,3e4dd7fa-31fa-4f4c-93fa-e214d1a8ade1,ぬくもりLABO,3813774c-9f7b-4c98-9fe9-3dfa40bc4b9e,https://nukumorilabo.com/therapist/868430/,ok,200,0,[],
o-checkmate.com,4cc36762-6678-4740-bf95-46675e782122,チェックメイト,73d65ad4-713e-4875-977a-38c0c7976723,https://o-checkmate.com/profile?id=133,ok,200,0,[],
o.senju-lamp.com,4a2221fa-7293-419b-92c6-3988c71a4060,らんぷ 大泉学園,b8386607-6c49-4521-bdd4-421386d88d73,https://o.senju-lamp.com/therapist/IDCNVMWS,ok,200,0,[],
ob-lige.net,64132a39-1ffe-404e-b620-9cf337c8ed28,オブリージュ,fd5b3c9c-26d2-4ebb-94b1-44fd6bd610a6,https://ob-lige.net/staff_detail.php?id=AF1AD057,ok,200,0,[],
offside-spa.com,539e21a3-fb72-43a9-abe4-dbefd8b5eccc,オフサイド,33bd7078-028e-4195-80de-52ca4306335e,https://offside-spa.com/therapist/63140,ok,200,0,[],
oil-senmon-nuluspa.com,15c6c1de-15c1-4319-ad28-09260b6d7435,たっぷりオイル専門！ぬるスパ,5c78361c-cc2a-4b55-b33c-0c7d014cce79,https://oil-senmon-nuluspa.com/profile?lid=13,ok,200,0,[],
oishii-milk.com,080896fb-3862-4e51-afd9-91e47fd752aa,おいしい牛乳屋さん。,544843e9-15fa-4e95-b8c3-d1f35146ce61,https://oishii-milk.com/profile?lid=22,ok,200,0,[],
okayama-winkle.com,d4989c91-71ba-4883-a2f0-1d6b3b48e289,Encore (アンコール) 岡山,ba32b2fd-a3a7-4a03-825e-81be5329f4ef,https://okayama-winkle.com/project/uta/,http_error,404,0,,HTTP 404 https://okayama-winkle.com/project/uta/
omotena-spa.com,16c6a757-fd19-4ca4-a6c6-b3b0d32d7a78,おもてなスパ,01cc9c62-ce5e-44aa-a61d-5c43040bc58e,https://omotena-spa.com/therapist/7399,ok,200,0,[],
onepeace-spa.com,8cbfebcf-899d-4f3c-959d-6015ee415451,ワンピース,3b9114f1-2cf6-4653-806f-defb667562a7,https://onepeace-spa.com/therapist/36844,ok,200,0,[],
onerose-esthe.net,3299ecd0-97e5-4cad-9cfb-2bcf293c4e6c,ワンローズ 姫路店,e8c68ec3-52e9-4229-8e26-f985c50d17f2,https://onerose-esthe.net/profile?lid=93,ok,200,0,[],
oni-kando.com,eaf324c0-e9cb-49b5-9ce8-ce3699cc3aef,オニ感度,175003f7-1e24-4fd9-8b05-4349a7b5e400,https://oni-kando.com/cast/cast-4199/,http_error,404,0,,HTTP 404 https://oni-kando.com/cast/cast-4199/
ore-no-ie.com,98b32339-4282-4d29-b566-4f99ca3e4b1e,俺の家,879a9582-c5cc-44ac-a3d9-da07ca3c4edd,https://ore-no-ie.com/profile.php?sid=943,ok,200,0,[],
organic-hiroshima.com,66f1306b-f9cb-43b7-96c8-9a5d6f48ded8,Organic energy (オーガニックエナジー),44541c4c-5816-4bb2-821a-0902a57533a1,https://organic-hiroshima.com/lady_detail.php?lady_num=138099,ok,200,0,[],
osaka-belle-femme.com,acffe437-11cf-4abf-a687-895ddec68499,ベルファーム,b2ec3b14-647d-4ad8-81ba-8e5a5bb56835,https://osaka-belle-femme.com/profile?lid=441,http_error,403,0,,HTTP 403 https://osaka-belle-femme.com/profile?lid=441
osaka-bellefemme.com,acffe437-11cf-4abf-a687-895ddec68499,ベルファーム,09be75c2-fbf7-454d-97db-139ef26afda3,https://osaka-bellefemme.com/profile?id=412,ok,200,0,[],
osaka-kissmint.com,d36755c9-64ee-4c29-9fdf-f6789511c4aa,キスミント,7805019c-bf59-4faa-8697-2e7f6c795274,https://osaka-kissmint.com/profile?id=34,ok,200,0,[],
osaka-koyori.com,86c43057-93ce-4845-8d50-f90ee37924dc,心和 (こより),f1906edc-ee63-42c3-bb0b-6c1343659cf1,https://osaka-koyori.com/profile?id=52,ok,200,0,[],
osinobiasabu.com,958e943b-b685-474d-bb39-690e5a241ab3,おしのびSPA,b14db906-5c6b-4951-8bea-f8a43b87bccb,https://osinobiasabu.com/therapist/735188/,ok,200,0,[],
otona-gohoubi.com,07da1ce1-36f3-4f8c-b1a4-88afc0d12134,大人のごほうび,ec51789d-2828-4991-9301-fdaaefbd6388,https://otona-gohoubi.com/cast/cast-1838/,ok,200,0,[],
otona-neverland.net,8d3a8853-4b2d-49b6-a372-1ace224eff12,大人のネバーランド,3069decb-bcf7-477e-b799-6ef67f4d406e,https://otona-neverland.net/cast/cast-1823/,ok,200,0,[],
otonatural.com,2a2c566a-32a2-450a-916b-a60f3f5e95ab,オトナチュラル,c2c70e6d-abac-4ed8-9e22-b7252a7606db,https://otonatural.com/profile?lid=8,ok,200,0,[],
ouchidespa.com,527da1f5-1869-4e85-9fac-addc67a79ef1,おうちでスパ,2379c7ac-c382-434c-9acc-60d6903ce279,https://ouchidespa.com/profile?lid=65,ok,200,0,[],
oudon-lady.com,599fed60-5d2d-4c75-a5af-68d9b8fb47f3,もみ処 おうどんれでぃ,a1cb826a-c425-41ba-80b8-78178b18707f,https://oudon-lady.com/therapist/528020/,ok,200,0,[],
palantir.esthe-hp.com,f8164eaa-268d-40f0-b8dd-8712fee626d4,パランティア,c0e83379-bf3c-4436-9feb-6f25b1273d42,https://palantir.esthe-hp.com/item_10037460.html,ok,200,0,[],
palette-mensesthe.com,ae1474a0-2fdd-4076-934e-d8d26d18c61f,パレット,6cfb2d9a-7ec6-43d9-b372-c2801df46cbb,https://palette-mensesthe.com/cast/cast-3101/,http_error,404,0,,HTTP 404 https://palette-mensesthe.com/cast/cast-3101/
pershia.jp,d3343242-80e1-4ec5-83ae-285753d88bbb,ペルシア,4ba91e7c-e024-4339-89bb-e4d46b045716,https://pershia.jp/list/profile/?uid=118,ok,200,0,[],
pixie-spa.com,e38ae032-a684-4fb1-b917-5a22a498b762,ピクシースパ,0194aeca-5dac-4e1d-a328-c855f06e8a84,https://pixie-spa.com/therapist/45555,ok,200,0,[],
poplar-obihiro.net,901ebdcc-ae22-4f0b-b18f-5076337054e9,ポプラ,2169b668-3802-49b0-8d4e-ccc01ec14cc3,https://poplar-obihiro.net/profile?lid=71,ok,200,0,[],
pure-takamatsu.net,e3180ec9-e632-4cc5-9e2a-830488cc78da,ぴゅあHAND 高松,230a940a-5fe1-47c8-8f61-1c4b8c15e85d,https://pure-takamatsu.net/list/profile/?uid=45,ok,200,0,[],
qol-official.com,8a239691-3dda-4c5b-a223-ec3ebfc3cc63,クオリティーオブライフ,c1ee483b-5b34-4229-ac77-bbe21e0dd869,https://qol-official.com/profile?lid=1,ok,200,0,[],
r-selection.jp,337cdd62-3487-4c48-b346-a91aa54d40c4,Rセレクション 旧Vスパ,f4c069c0-9397-4f95-9b2a-b707fc6efed1,https://r-selection.jp/yui/,ok,200,0,[],
ra-makarios.com,ae847ca4-c2e1-466c-ada1-d2358cb1eff6,ラーマカリオス,5d61136b-f182-4dc6-8f6f-8b342407a840,https://ra-makarios.com/krc_cast/%e5%80%89%e6%9c%ac-%e8%8c%89%e9%88%b4/,ok,200,0,[],
ranking-mensesthe.jp,ef912bbd-be00-437e-941f-aaea34069c4a,リアルワン,30831132-18b8-4cd7-93bf-a7dbe853e6db,https://ranking-mensesthe.jp/shop/44443/5275890/,ok,200,0,[],
re-r.info,dd0fcd1f-11ed-40b3-8411-4fe3d98879e4,リルーム 宇都宮,6db3448b-ecd0-4535-9006-a00044d6bd6f,https://re-r.info/profile.html?4644,ok,200,0,[],
realone-esthe.com,ef912bbd-be00-437e-941f-aaea34069c4a,リアルワン,fd485d45-915d-4865-998a-89927d83a8a6,https://realone-esthe.com/profile?lid=4,ok,200,0,[],
redeye-esthe.com,8d30a49e-14cd-4837-ba33-4d67071c1fc5,グリーンアップル 旧レッドアイ,9f5da3fd-31ca-4180-9ce1-add1873edea8,https://redeye-esthe.com/therapist/30714,ok,200,0,[],
redribbon-koshigaya.com,94b1d564-c7b6-408c-9dd3-016dc8707331,レッドリボン越谷,a4b4a6f2-ee4f-4f3a-9921-4ee159555601,https://redribbon-koshigaya.com/therapist/43225,ok,200,0,[],
redribbon-maebashi.com,fb5a8e87-fd2c-4e9a-adb0-6cb8b284411a,レッドリボン 前橋,625e292a-7d94-4bc8-b44c-3224769350e7,https://redribbon-maebashi.com/therapist/50870,ok,200,0,[],
redribbon-motoyawata.com,7ea14fa1-6046-4e7f-a90b-94c717c6d87f,レッドリボン本八幡,0cf205da-6a92-4870-b17d-6f4cb7f22d63,https://redribbon-motoyawata.com/therapist/39408,ok,200,0,[],
redribbon-tsudanuma.com,d0308bc0-b365-44b2-a836-6b28a60b1bc0,レッドリボン 津田沼,a5c31e93-abf8-4ac1-93f9-6c7010d3183f,https://redribbon-tsudanuma.com/therapist/63316,ok,200,0,[],
refinado.tokyo,6086fae0-66fa-4df3-84e8-3bf1b06887b2,レフィナード,7270c462-f368-4aac-8df6-28f5eff59173,https://refinado.tokyo/index.php/module/Store/action/GirlInfo/User_Id/7013,ok,200,0,[],
relaxation-ace.com,5e693a0b-131f-4309-a9b0-63995ff2270f,ACE (エース) 立川,73dc418f-1aa6-4609-a8cf-33d83904474a,https://relaxation-ace.com/profile?lid=46,ok,200,0,[],
relaxation-darlin.com,3b8e7c2c-7317-4c39-bd64-14de0d3c123c,ダーリンプレミアム,fd53592f-25a4-4320-ad99-6d59ce9ce024,https://relaxation-darlin.com/gals/profile/?uid=532,ok,200,0,[],
relaxation-su.net,fdf8d324-f5cd-4fa6-9931-edd12b3a45c2,スゥ,32792749-4404-4128-a3ee-e76fbb28a2d7,https://relaxation-su.net/profile?lid=2,ok,200,0,[],
remispa.com,76a54d85-e5b5-49ff-8289-ca2466e4d435,レミスパ,c233aaae-1840-49fa-a5cd-ac3f7a6af530,https://remispa.com/profile.php?id=1012,ok,200,0,[],
renaissance-fukuoka.com,005784a7-24c1-4beb-86fe-ea03e236f221,ルネサンス,5b4d7bad-e62c-40d1-8a7f-4b4cd96559cf,https://renaissance-fukuoka.com/profile?id=37,ok,200,0,[],
restspa-premium.com,45d399a0-79a1-4e6f-8cad-fa9c391d292e,レストスパプレミアム,6bd6edb7-d907-411f-82fc-78e61455287b,https://restspa-premium.com/profile?id=194,ok,200,0,[],
restspa.jp,45d399a0-79a1-4e6f-8cad-fa9c391d292e,レストスパプレミアム,b2a46c5c-7f62-41ea-97c7-d3488f1e9201,https://restspa.jp/profile?id=86,http_error,404,0,,HTTP 404 https://restspa.jp/profile?id=86
reve-mistrea.com,87707ebe-1256-432f-b192-2898f837816c,レーヴミストレア,4ea18515-8493-48a5-97fb-6783b772da60,https://reve-mistrea.com/list/profile/?uid=179,ok,200,0,[],
rexeed-rexeed.com,4c70127b-be0c-45e8-b7fa-e2ff33d841e3,レクシード,1ed8cede-6c39-4bb1-88b0-102ad65c0055,https://rexeed-rexeed.com/therapist/487056/,ok,200,0,[],
rexela-relaxation.com,4a8ea7cc-858d-4598-aa74-757410c96866,レクセラ,272cce3b-e753-4e8e-8e0e-a2b2f36b7aa6,https://rexela-relaxation.com/cast/rex113/,ok,200,0,[],
rexgran.com,ca3e3336-c124-4b3e-b35c-cbdb6eef7358,レクスグラン,550cf0a9-6f45-428c-aa9e-9c17a1c858f0,https://rexgran.com/cast/mayu/,ok,200,0,[],
rich-terrace-sapporo.com,6008eb29-12f8-4144-b138-f5eda27f6458,リッチテラス札幌,09d32fe1-3727-4e8e-b2a6-f6202b84b226,https://rich-terrace-sapporo.com/therapist/mio/,ok,200,0,[],
rinato-mensesthe.com,1b744bfa-38fa-4668-ab60-9b59ca0ac8e0,リナート,ba77424c-0612-47c4-afcd-30354c274646,https://rinato-mensesthe.com/profile?lid=13,http_error,404,0,,HTTP 404 https://rinato-mensesthe.com/profile?lid=13
rinato-osaka.com,1b744bfa-38fa-4668-ab60-9b59ca0ac8e0,リナート,ed1de570-e0aa-4267-b7cd-d57c90ab4633,https://rinato-osaka.com/profile?id=35,ok,200,0,[],
riru-cheri.com,3e4a534f-2bb6-4786-b00d-87c729a93f2b,リルシェ,ba6918d6-dc8f-4a3c-8bcf-2038ecca53e9,https://riru-cheri.com/profile.html?5977,ok,200,0,[],
rody-head-spa.com,6e0dc80f-80fd-4a20-aaf5-7e5046fe8a27,ロイヤルロディヘッドスパ 旧ロディーヘッドスパ,b5efc872-7b06-48c8-9ac3-0f06d2534dd8,https://rody-head-spa.com/staff/%e5%ae%ae%e6%a3%ae/,ok,200,0,[],
rody-headspa.com,6e0dc80f-80fd-4a20-aaf5-7e5046fe8a27,ロイヤルロディヘッドスパ 旧ロディーヘッドスパ,34576ee1-d47d-4797-9a43-97947d898460,https://rody-headspa.com/profile?id=15,fetch_error,,0,,fetch failed
royalqueen.esthe-hp.com,ad9690dc-ab0e-4b02-b750-1fc0253aca9b,ROYAL QUEEN (ロイヤルクイーン) 博多,7b887703-f2da-4e0e-9e34-f764a63edaf7,https://royalqueen.esthe-hp.com/item_10033946.html,ok,200,0,[],
rs-real.com,de91a1d7-0a07-459e-9967-4de2844e765c,レアル 広島,ee783cf3-3eb0-4038-b373-20211e8d86df,https://rs-real.com/staff/%e7%a9%82%e5%9d%82%e3%81%be%e3%81%bb/,ok,200,0,[],
rs-spa.com,5e6432ec-9f25-4274-bb8a-3a62c097bd96,R.sスパ,b9fb5616-ece7-4c83-ab9b-131399e5c993,https://rs-spa.com/cast/cast-4484/,ok,200,0,[],
rutile-spa.com,49723046-68aa-4548-982f-1d0dc931d0f6,ルチルスパ,e1cece6c-a686-41d3-9f34-031d45db7aaf,https://rutile-spa.com/profile?lid=4,ok,200,0,[],
rydeen-maebashi.com,c0132a12-899e-48b0-b8a3-bf66cb5e0ec7,ライディーン,c5dfe896-c939-49c9-baa9-5247276d87d4,https://rydeen-maebashi.com/staff/ayu/,ok,200,0,[],
ryusei-esthe.com,da2bf035-f78d-483c-89d2-f9b8ce2036cf,流星のエステ 旧爆裂スパ,5a75ccf0-7c2a-4ce8-ac1b-3707b47a43fb,https://ryusei-esthe.com/therapist/42066,ok,200,0,[],
s-plussapporo.com,72fade8c-642c-4d8c-9df2-84f1fdcb687f,S+ (エスプラス) すすきの,c39b023a-a7be-4c20-9003-b483c43161ff,https://s-plussapporo.com/therapist/737654/,ok,200,0,[],
salon-rest.com,63f2b143-591c-4a9d-be59-e5648807fd52,ヒーリングサロン レスト 泉佐野店,63350ff2-1031-431f-89e4-a99e0b478022,https://salon-rest.com/profile?lid=196,ok,200,0,[],
salon-rhaplace.com,1e825654-7fd2-4884-8597-7f4d19100f4e,Rhaplace (ラプラス),bd558165-0563-4a5d-a012-491c3bf9e437,https://salon-rhaplace.com/therapist/470945/,ok,200,0,[],
salonmirage5678.com,e859ddfb-7084-46f1-b607-d279cea07af7,ミラージュ,5743fe45-e0a8-4a7c-8a3b-fadae648fb1d,https://salonmirage5678.com/therapist/555270/,ok,200,0,[],
salvador.men-este.net,abe63c30-7f46-40d4-8b67-c2d73735a33f,サルバドール,473ed38e-974f-4c08-8130-d70e60d81515,https://salvador.men-este.net/profile.html?sid=23,ok,200,2,"[{""date"":""2026-05-28"",""shift_start"":""17:00:00"",""shift_end"":""23:59:00""},{""date"":""2026-05-29"",""shift_start"":""00:00:00"",""shift_end"":""01:00:00""}]",
samuraispa-kumamoto.net,309a4eb4-989d-48d5-9616-8bf7aec10952,サムライスパ,16376c2a-6a9a-429e-a41c-a6366cce7fcb,https://samuraispa-kumamoto.net/therapist/772868/,ok,200,0,[],
sapporo-esthe.jp,2317067d-e442-46d6-9cfc-e2b4d2723c69,昭和倶楽部,3ea6f8d9-3811-41fe-8741-f1a008e3dbb2,https://sapporo-esthe.jp/prof/?id=97,ok,200,0,[],
seraphi-sp.com,72495983-9843-4d27-8957-08a15e0104d9,セラフィスパ,d9f4f823-33bb-4f26-a5a1-8a32acb1ceab,https://seraphi-sp.com/therapist/711366/,ok,200,0,[],
seven-luck-spa.com,53e8a21f-089d-4a7d-847f-ebf541c2e634,セブンラックスパ,ecbb23cc-7150-46d8-b69a-89954cc931bc,https://seven-luck-spa.com/profile?id=210,ok,200,0,[],
sheer-esthe.com,e3e27fbd-43ee-45b8-a746-a0621f6ac92f,シアー,840e202b-eeb8-4a02-a92b-134b64e5bcd0,https://sheer-esthe.com/profile?lid=27,ok,200,0,[],
shein-esthe.com,8efd0c38-6b2f-4342-b4b7-dce7bcee6b45,アレスパ,942e2b48-e47b-4738-bfc3-9b15d5f562c1,https://shein-esthe.com/index.php/module/Store/action/GirlInfo/Store_Id/25/User_Id/2448,ok,200,0,[],
showtime-mito.com,5fb64f15-8868-4b6a-9ff9-940e634f86ed,ショータイム 水戸,b077c042-8b3b-440d-9edc-6bf5b157a326,https://showtime-mito.com/lady_detail.php?lady_num=142870,ok,200,0,[],
sirenaosaka.com,1b5aae3e-9f5c-489f-a374-6bc4010a5079,シレーナ 大阪,5f619917-bb74-4f74-a72a-1a9169648f8c,https://sirenaosaka.com/profile?id=186,ok,200,0,[],
smile-tokyo.net,d40216f8-be8d-4c84-88ec-38817dd46ec3,スマイル,f09c8320-2554-439b-806d-1641180de6f9,https://smile-tokyo.net/profile?id=72,ok,200,0,[],
smoothie-esthe.com,eae9ba72-9f20-47f6-a079-ebef35a06229,スムージー,843b1214-21d0-4c5d-bb3b-36b5402fe009,https://smoothie-esthe.com/list/profile/?uid=76,ok,200,0,[],
so.senju-lamp.com,27caade1-b59b-4972-8e48-c591796bfe79,らんぷ 相模大野,4cd06642-c350-47c4-a353-a1b57dbbf7b1,https://so.senju-lamp.com/therapist/IDVHZDUA,ok,200,0,[],
spa-ange-ginza.men-este.com,131c6999-65a5-43e2-a39d-1aaac68a0c6e,スパアンジュ,f9bf7f92-420a-4c6c-9f80-897df61bbd22,https://spa-ange-ginza.men-este.com/profile.html?sid=254,ok,200,0,[],
spa-chaton.com,1a09f063-5e15-4ded-8540-89ecb939beb5,シャトン 大阪,800f32cb-e33c-4988-9027-6b05b9eeb610,https://spa-chaton.com/profile?lid=11,ok,200,0,[],
spa-d.com,d846b9d9-974b-4b74-8f45-03b125db7024,ディースパ,10ac3e7b-170a-4aad-bc4c-e878be1aa44f,https://spa-d.com/therapist/53786,ok,200,0,[],
spa-goldentime.com,f5778b00-1f7c-441a-8a85-f5076f0ef6fa,ゴールデンタイム,d5a0c01f-e7f9-4eeb-b6ec-939f4cddda0b,https://spa-goldentime.com/cast/cast-2474/,ok,200,0,[],
spa-ma.com,5d1489d0-2d33-4f81-b45f-ce9db19e6a15,SPA Mania (スパマニア),511ff5e2-361a-475b-baf9-22d9cd97fb8f,https://spa-ma.com/therapist/492967/,ok,200,0,[],
spa-splash.com,50ee2ba0-4384-496b-a9aa-75090a5451a4,スパすぷらっしゅ,55b93b21-5a0c-4e28-bf6e-7af7dc26e392,https://spa-splash.com/profile?id=29,ok,200,0,[],
spachill-osaka.com,01c13e41-2217-4ec9-b800-239faa4a76a8,スパチル,8e0c7868-98ec-4903-8bab-dd0651915333,https://spachill-osaka.com/profile?lid=23,ok,200,0,[],
spaspa-mito.net,e04160b6-81e2-45a6-8304-3b76d89f940d,スパスパ,766b247d-9749-4b3c-a09b-5c562f33c5a7,https://spaspa-mito.net/profile?lid=74,ok,200,0,[],
spayouandme.com,f98e675d-a968-438a-80ee-46c734f007e9,ユミスパ,4f7a61d9-fac6-4b03-875a-c1311501585a,https://spayouandme.com/therapist/846028/,ok,200,0,[],
st-esthetic.com,22f0a367-0397-472e-beef-d5474f805443,ショータイム,3f0f329b-fb60-415b-a737-57c29a1ae093,https://st-esthetic.com/lady_detail.php?lady_num=112970,ok,200,0,[],
st-koshigaya.com,de09ee5e-1d01-4914-91ab-1dc3ae37fc58,ショータイム 越谷店,71627df0-92a9-40d5-91dd-9812fdf8281e,https://st-koshigaya.com/lady_detail.php?lady_num=117596,http_error,404,0,,HTTP 404 https://st-koshigaya.com/lady_detail.php?lady_num=117596
sugar-mint.com,1456e9c9-3313-4071-a5d5-b4c0e3740f19,シュガーミント,bfb67151-c97d-4aab-b39e-d125e6393d04,https://sugar-mint.com/profile?id=51,ok,200,0,[],
sukesukekan.com,2f8b9bc0-7ade-44b2-8bc2-589dc1a4cad4,透け感97%,1b9e28ad-e5a2-47bb-a835-9727b2ab034f,https://sukesukekan.com/profile?lid=37,ok,200,0,[],
sumire-spa.jp,753cde03-1ac5-457c-961b-74a714c26807,スミレスパ,12f1ba81-7df8-4855-bb5b-57a2ae1a2d7f,https://sumire-spa.jp/therapist/58848,ok,200,0,[],
super-akuma.net,f1bc6f10-8aa8-4839-be5c-01a2e3e7773d,スーパーアクマガールズ,769245d8-ddaf-47b4-add5-9533fbc3d6ce,https://super-akuma.net/profile?lid=31,ok,200,2,"[{""date"":""2026-05-23"",""shift_start"":""15:00:00"",""shift_end"":""19:00:00""},{""date"":""2026-05-25"",""shift_start"":""18:30:00"",""shift_end"":""19:30:00""}]",
sweet-berta.com,e6a27b7a-4dba-4acd-803a-ad80a15b80ba,スウィートベルタ 静岡,225d3454-dd17-4829-8103-25477d7253b8,https://sweet-berta.com/profile.php?sid=276,ok,200,0,[],
sweetangel-esthe.com,df22dec2-19a6-4d72-8128-325186344c39,スウィートエンジェル,aa3be4b8-70e6-425d-91e6-40df3a231902,https://sweetangel-esthe.com/profile?lid=8,ok,200,0,[],
sweetpea-madamu.com,2bc34db2-872c-43c4-8d82-896709a7be9d,マダムスイートピー,d69a3ae7-0399-4567-8741-89a74a07eb1e,https://sweetpea-madamu.com/profile?id=48,ok,200,0,[],
t.senju-lamp.com,3a5fdbf5-e8d0-481b-87d4-9e68e7cdb274,らんぷ 立川,2b7e6a8d-7d7b-4437-be06-159305b3647e,https://t.senju-lamp.com/therapist/IDHAPTEC,ok,200,0,[],
taketonbo-mensesthe.com,da97df69-fbce-4771-8b4a-11526d141694,タケトンボ,d2449dc6-1834-4334-b33f-0f89e5cd7420,https://taketonbo-mensesthe.com/model_profile278.html,ok,200,0,[],
tamayura-0425.com,042fe1b0-4d2e-4ea9-8152-3fd51f67f3fd,フローラ 旧結蘭,3348da96-335e-4410-9c1c-fdd1dda5d52e,https://tamayura-0425.com/therapist/486773/,ok,200,0,[],
teachersecret2025.com,c4a05e59-4b7d-4905-aaac-45b8750d3946,女教師の秘め事,c0691dca-97f5-48f2-aeaa-95165d57f428,https://teachersecret2025.com/profile?lid=11,ok,200,0,[],
tenga-osaka.com,0db31b89-a580-49c5-8e7b-e8ae811c7cdd,天雅,8ba52a95-59c3-460a-aeeb-11e4dd1dc9eb,https://tenga-osaka.com/list/profile/?uid=1,ok,200,0,[],
tenjoubito.com,2ddad035-7dd0-4ede-a505-a068684c879c,天上人PREMIUM,6988aa07-0db4-44bf-930f-a97b517f8acb,https://tenjoubito.com/therapist/439/,fetch_error,,0,,fetch failed
tenka-sakaisujihommachi.com,e792e831-7e65-438e-b7b0-8556e39c0b19,天華 大阪,f5189b41-ee99-4d17-b36e-bf518e84e0b8,https://tenka-sakaisujihommachi.com/profile?id=13,ok,200,0,[],
tenshi-hodokoshi.com,d3e4a675-64bb-4663-8e23-711fd0d0cf2c,天使の施し,39085a4c-d566-48c3-aed0-4c7e88148ab2,https://tenshi-hodokoshi.com/profile?lid=46,ok,200,0,[],
teotl.jp,17ceb260-250d-41b7-8eef-74eb418f9bde,TEOTL (テオトル),14015600-1823-4c8c-95b9-03728cdfe647,https://teotl.jp/list/profile/?uid=5,ok,200,0,[],
tequila-esthe.com,a1f1fd40-805e-4c47-8c3f-05266bb8d8ad,テキーラ,81d42ddf-e4a1-4187-a46d-3a30ac3d1543,https://tequila-esthe.com/therapist/59898,ok,200,0,[],
the-bestandmore.com,0decf6f6-701a-4f66-9da6-833b50e5ba9c,ザ ベストアンドモア,a25b09b8-c500-42aa-a3a2-4a15acb7998b,https://the-bestandmore.com/profile?id=23,http_error,404,0,,HTTP 404 https://the-bestandmore.com/profile?id=23
the-diana.jp,196219b4-7f43-4dc3-bc06-8b9d760c36eb,ザディアーナ,f3abc128-f08f-4c0f-8c09-20e7945cd3a5,https://the-diana.jp/cast/1006/,ok,200,0,[],
thoroughbred-osaka.com,fc7931f2-6bdc-4a3b-939b-55f170aa19da,サラブレッド,277393e9-e9dd-4a50-a76a-738de2a125b2,https://thoroughbred-osaka.com/list/profile/?uid=181,ok,200,0,[],
tokimekiryugu.com,19d67141-c66d-4217-873f-73b2d169a1af,ときめき竜宮城,84e4938c-e9e3-43fd-bc80-3dc3c3166156,https://tokimekiryugu.com/profile?id=25,ok,200,0,[],
tokyo-aroma-world.jp,989bff99-4dfc-427b-b2be-f7cbc5ae5c7a,東京アロマワールド 旧アロマリゾート,2265ff16-dd21-4e51-9b9d-2481774aa608,https://tokyo-aroma-world.jp/profile?id=45,ok,200,0,[],
tokyo-fairy-land.men-este.com,cb4fb243-812a-4aa2-b14d-02d0b8867358,東京フェアリーランド,94e59495-a124-4a5a-b1a2-dffa082983a4,https://tokyo-fairy-land.men-este.com/profile.html?sid=282,ok,200,1,"[{""date"":""2026-05-28"",""shift_start"":""11:00:00"",""shift_end"":""20:00:00""}]",
tokyo242424.com,83367bd4-92bf-40c9-8a41-6c1b23deac99,超レベチなエステ24,f37e479a-70f1-4a9e-b547-0162806686f1,https://tokyo242424.com/therapist/783244/,ok,200,0,[],
tororintime.com,42047e47-b4c4-47f6-9540-ecfcc08d379e,とろりんタイム,35fe18df-a1ae-4da0-8b67-0263b4b9fc6d,https://tororintime.com/profile?id=33,ok,200,0,[],
tsukuba-terrace.com,22f0a367-0397-472e-beef-d5474f805443,ショータイム,835ee34e-8708-42e9-9e9c-99ef992fef66,https://tsukuba-terrace.com/lady_detail.php?lady_num=117667,fetch_error,,0,,fetch failed
tuning-esthe.com,6f0bafde-afc0-48d0-a3bf-943226b117d1,チューニング,5cb24018-f25a-4627-9710-c1e834dc1300,https://tuning-esthe.com/therapist/58506,ok,200,0,[],
ultra-hand-spk.com,84f05a4f-c92f-485a-a100-9e2d8d2c43f8,ウルトラハンド札幌,1dbbd6c7-5957-4372-b268-2bf859a295ba,https://ultra-hand-spk.com/therapist/483359/,ok,200,0,[],
union-plus-es.com,283ffa90-9793-4585-9ff3-0cf04b74a856,ユニオンプラス,c3c5932a-ade0-4998-8e4f-dcb56700c8f2,https://union-plus-es.com/cast/maya-2/,ok,200,0,[],
unison-spa.com,e3bf1644-a2c7-48f5-806d-f5153c60c37a,ユニゾンスパ,a7817e42-eb3f-4a74-8907-fad6dd630584,https://unison-spa.com/therapist/56648,ok,200,0,[],
unknownosaka.com,777e6df6-ae8a-4bcb-9b6a-427a79df1101,Unknow (アンノウン) 梅田,b8c79422-64da-4833-b7c4-e9fc8e9d626c,https://unknownosaka.com/profile?id=15,ok,200,0,[],
urbanspa.jp,704aabd5-e75b-43a7-ae21-38cf9f0e32bc,アーバンスパ 西新宿,70b31f9c-d27c-44fb-8bd3-b4b0d6a59ea8,https://urbanspa.jp/cast/るる/,ok,200,0,[],
v-spa-relaxation.com,337cdd62-3487-4c48-b346-a91aa54d40c4,Rセレクション 旧Vスパ,539f7f4f-a7f9-4284-b389-5c63f371a702,https://v-spa-relaxation.com/jyuri/,ok,200,0,[],
vinos-spa.com,8189e924-9526-4f98-90f4-5602d4e90753,ビノス,310cc913-3064-433d-9290-0b2d950ace05,https://vinos-spa.com/therapist/53874,ok,200,0,[],
vivi-asahikawa.com,9134e8f9-636e-48aa-bb85-4181eacf60e3,アロマヴィヴィ (Aroma ViVi),9f3bbd5b-15d9-44ca-81a1-b56cfed6451e,https://vivi-asahikawa.com/therapist/369548/,ok,200,0,[],
vivienne-hiroshima.com,7f50a3d7-96d6-48d7-bfa3-d17674525c90,ヴィヴィアン 広島,9b3ce5ab-1203-430e-be89-b30c96488d5b,http://vivienne-hiroshima.com/therapist/1999.html,ok,200,0,[],
w-spa-ginza.com,58a361e5-290c-4f67-b023-4727c3cc3830,ダブリュースパ,a0ef0490-54c5-4452-bf55-b0c1b75b0ee0,https://w-spa-ginza.com/therapist/86,ok,200,0,[],
wife-line.com,50756cdd-df86-4b8c-8058-2361f6d8dd30,和いふらいん 大阪,1364c405-3888-4a86-85f1-0e3338a34ab7,https://wife-line.com/model_profile1451.html,ok,200,0,[],
withosaka.com,78275d06-b645-4a77-8f74-877ec78b060a,ウィズ,b7d2d6b2-42f9-4bb3-bb91-4288ce5af964,https://withosaka.com/profile?id=31,ok,200,0,[],
www.aroma-cecil.tokyo,5105e154-cc29-4c74-850d-97843771a7d7,アロマセシル 旧リップス,813d5a9f-fa1b-4ad0-80ea-b9e90c8e7824,http://www.aroma-cecil.tokyo/profile/_uid/9360/,ok,200,0,[],
www.aroma-serena.com,7dae76b6-d895-4c6a-8631-6dfbd21e1bb4,AROMA SERENA (アロマセレナ),88cba7b5-888d-4afb-b946-d1fd91459704,https://www.aroma-serena.com/item_10030901.html,ok,200,0,[],
www.arspa-akiba.com,71057240-34d7-4af8-803e-b8b3898e664e,アールトウキョウ秋葉原,dd542c79-06b3-4cfd-95ea-2404cdbca4c7,https://www.arspa-akiba.com/profile/_uid/1939/,ok,200,0,[],
www.aube-spa.com,9d74134d-e9ab-447e-825f-e19ef8ed85f6,Mrs.AUBE SPA (ミセスオーブスパ) 大阪,304b9283-1662-4ceb-b368-d11f22c92fa6,https://www.aube-spa.com/therapist_detail/?id=196,http_error,404,0,,HTTP 404 https://www.aube-spa.com/therapist_detail/?id=196
www.aubespa-kyoto.com,0a907f14-5df2-45e6-9a57-62137dbb9e6a,ミセスオーブスパ 京都,018a5293-3773-4fc0-abdf-b195a9ecc33d,https://www.aubespa-kyoto.com/index.php/module/Store/action/GirlInfo/Store_Id/83/User_Id/5910,ok,200,0,[],
www.balino.jp,181a6cc2-25e3-4649-b00e-b5a89bef2421,プールサイド 旧バリーノ,e8e33c90-7e82-492f-a644-11d5b295ced8,https://www.balino.jp/profile.html?uid=11097,ok,200,0,[],
www.bimajo-esthe.com,fd283c72-2aec-4e0d-8132-65959144cf21,美魔女エステ,b6108601-4a5d-4273-ba03-dc474b5ac1f5,https://www.bimajo-esthe.com/profile/827,ok,200,0,[],
www.c-moon.info,1a950f04-58b0-4f30-a2c8-f906f347151b,C-MOON (シームーン),3e81902a-46c2-4455-b3fe-cafc2ec54e75,https://www.c-moon.info/profile/_uid/10783/,ok,200,0,[],
www.chocomintflavor-esthe.com,4341a2c4-115a-47f2-a512-003ccc50aca9,チョコミントフレーバー,69fd07c0-d2d5-46c4-bd89-491a2a6958fc,http://www.chocomintflavor-esthe.com/profile/_uid/9289/,ok,200,0,[],
www.cream-soda.tokyo,75d95d87-fbb5-4f50-95ef-5929fb9e9954,クリームソーダ,38d446ee-5eb6-434f-af15-7aac85f35fee,https://www.cream-soda.tokyo/profile/_uid/1092/,ok,200,0,[],
www.crown-mermaid.com,938b1b93-82ed-405d-8e5d-739d19951b92,クラウンマーメイド,5f14a471-34ab-481a-a89e-5c3c51c3d6c1,http://www.crown-mermaid.com/profile/_uid/3848/,ok,200,0,[],
www.emu-spa.com,f0a3676b-9996-4d5a-91e6-895190600a82,エミュスパ,5c6e87ad-f1ba-49fd-8dfe-1bd857800cf3,https://www.emu-spa.com/profile/_uid/7865/,ok,200,0,[],
www.esthe-club.tokyo,72f80ed9-38fc-4ea7-882e-266db0bc67cb,東京えすてクラブ,38cd9081-9f4c-4c30-bfea-ba732d00e437,https://www.esthe-club.tokyo/profile/_uid/2761/,ok,200,0,[],
www.esthe-lynx-yokohama.com,b2a51bd1-8beb-4e9d-ad43-cebd7da56d8d,リンクス 横浜関内店,d7c48e53-d1b1-405d-b6c1-2b606a67aa32,https://www.esthe-lynx-yokohama.com/therapist/?id=14,ok,200,0,[],
www.esthe-ranking.jp,5e693a0b-131f-4309-a9b0-63995ff2270f,ACE (エース) 立川,030f11fd-937e-4824-867d-83529c7e3131,https://www.esthe-ranking.jp/therapist/00e645b9-289f-4189-b394-98b406c28a73/,ok,200,0,[],
www.estheking.jp,bec80454-2061-4621-a78c-035e1f3d714a,エステの王様,65df6629-e0ac-4814-ba01-cd708814bf42,https://www.estheking.jp/profile/_uid/3756/,ok,200,0,[],
www.fairy-touch.com,dbe66968-c93a-4fec-9ec5-9aa1fda0072b,フェアリータッチ,66aa7954-10e6-47f3-8b53-53f3ec7c3ffd,https://www.fairy-touch.com/prof/prof28/,http_error,404,0,,HTTP 404 https://www.fairy-touch.com/prof/prof28/
www.fees-des-fleurages.com,b6c8393a-4920-4aa6-bf52-27270aabe378,フェデフルラージュ,93fa886d-063f-428a-9bf6-3105704d35e9,http://www.fees-des-fleurages.com/profile/_uid/2224/,ok,200,0,[],
www.felix-tokyo.com,a59ff684-ffd9-48a3-8325-d1a705538e18,フェリックス,558eea34-8e3c-43d1-8d6d-1b5c8931a88b,https://www.felix-tokyo.com/therapist/19561,ok,200,0,[],
www.gentle-ginza.com,421017db-4085-494c-ba99-b5325248f4b9,銀座ジェントル,70677294-9adf-4afe-8997-a15314037084,https://www.gentle-ginza.com/profile/_uid/11195/,ok,200,0,[],
www.gokan.xyz,bfbe78b8-21ff-41c0-ad88-a12d97928850,ファンタジー 旧五感,647cde0d-8ca7-4423-b2ff-43db78ae668f,https://www.gokan.xyz/profile?id=112,fetch_error,,0,,fetch failed
www.harmonia-spa.jp,f3cdb1ce-0139-4d11-87eb-f2f664549333,ハルモニアスパ,00c4a826-0ca2-49aa-9d23-90f1b1d9ef2f,https://www.harmonia-spa.jp/profile/_uid/6331/,ok,200,0,[],
www.ik-clara.com,e22e9fe8-497a-403e-b9b4-0cead0c4ab22,クララ,1494a698-0046-44b6-be1f-4adf5d8d1400,https://www.ik-clara.com/profile/_uid/3384/,ok,200,0,[],
www.iroke-wife.com,258e08b1-1e23-4d03-b62b-4b9c539b7239,色気あるワイフ,3aa97218-3b3a-4ccd-9717-d1defc1bca41,https://www.iroke-wife.com/profile/507,ok,200,0,[],
www.kaifuku.tokyo,4530bfdb-7a97-4046-b995-82be0ad52d68,カイフクエステ,fc2a2db0-1f5e-442d-afc3-b8a3f2f7cc9a,https://www.kaifuku.tokyo/profile/_uid/9372/,ok,200,0,[],
www.kiwamino-esthe.com,98538a49-4829-4557-89b3-69558ac6ca80,極みのワイフ,17be5f9c-1f08-4984-9b9b-b87bc68eedcd,https://www.kiwamino-esthe.com/profile/170,ok,200,0,[],
www.livspa.net,39e800b6-5e3f-4458-8426-c0ba77734d8c,リブスパ,5819509d-2545-48b4-a14a-12007fb2de33,https://www.livspa.net/profile/_uid/1890/,http_error,404,0,,HTTP 404 https://www.livspa.net/profile/_uid/1890/
www.loose-a-mood.com,f40b3811-84a0-4a19-ad48-73f3946c1554,ルーズアモード,8264cfc4-5037-4b00-82ff-70f3f49053b1,https://www.loose-a-mood.com/therapist/124,ok,200,0,[],
www.mandarin-spa-esthe.com,9fe633a0-644e-4706-9df1-b17115a17e8d,マンダリンスパ 神楽坂,7f41dcad-9cd8-40d4-b3fe-37d41dcbcc24,https://www.mandarin-spa-esthe.com/profile/_uid/354/,ok,200,0,[],
www.mens-holiday.net,882c5c08-b969-4b48-ba11-875d3020816d,宇都宮メンズエステ ホリデー,23636376-7d5c-4312-a3e8-0835e3f5acd3,https://www.mens-holiday.net/profile/_uid/8201/,ok,200,0,[],
www.mensesthe-annaijyo.com,af2b249d-9f65-4374-bd2d-ae048a0f940f,メンエス案内所,177bfca9-2094-4dfe-8988-5ffedec2e6b5,http://www.mensesthe-annaijyo.com/gal/gal-19.html,http_error,404,0,,HTTP 404 http://www.mensesthe-annaijyo.com/gal/gal-19.html
www.mk-laugh-tale.com,f9b36b5e-cb35-4433-b15c-40f02e3bab06,シエル,a2d6641a-ee85-4af7-9ad5-0e2b5e9a7b44,https://www.mk-laugh-tale.com/profile/_uid/1201/,fetch_error,,0,,fetch failed
www.mrs-chiba.com,5fb0c206-e9ca-4e39-8ce3-4bb75320c05b,ミセスファンタジー,9f61b1a9-326d-48e2-a113-eb95fba454e0,https://www.mrs-chiba.com/profile/27,ok,200,0,[],
www.mrs-house.com,ffc4bbe1-6ced-4af3-bd9d-4d79cc266700,ミセスの館,902fa93f-d2b9-43b0-913a-b0acada9427c,https://www.mrs-house.com/profile/201,ok,200,0,[],
www.mrs-iyashi.com,36c8c727-1d5f-4442-bb29-272d84a05173,ミセスの癒しエステ,7779fd38-c6ee-467f-ad2b-1eeaf9701c08,https://www.mrs-iyashi.com/profile.html?uid=11290,ok,200,0,[],
www.ms-abyss.info,9d590371-223f-4d22-a252-0b0ea46ec65c,アビス,d463dd41-caca-44b3-a9df-2780ecad0d64,https://www.ms-abyss.info/profile/_uid/10105/,ok,200,0,[],
www.ms-ar.tokyo,71057240-34d7-4af8-803e-b8b3898e664e,アールトウキョウ秋葉原,b576aa5a-63ce-4811-a33a-082acf3a5e6e,https://www.ms-ar.tokyo/profile/_uid/3864/,ok,200,0,[],
www.ms-ciel.com,f9b36b5e-cb35-4433-b15c-40f02e3bab06,シエル,e43f7d4a-571a-4ad3-9171-5a272736ea89,https://www.ms-ciel.com/profile/_uid/9521/,ok,200,0,[],
www.ms-dolce.com,e6032dfe-352c-4a81-92c9-de988019cd83,DOLCE SPA (ドルチェスパ) 北千住,f0481e50-0f1a-4cb4-8e76-8f4d6166267c,https://www.ms-dolce.com/therapist/58504,ok,200,0,[],
www.ms-kujaku.com,c8a4228d-ef93-4078-a4a1-f4b4a5de7ba7,クジャク 旧ルガール東京,285a4a55-a15b-4faa-a351-a1cd96b85582,https://www.ms-kujaku.com/profile/_uid/6657/,ok,200,0,[],
www.ms-mirage.com,e859ddfb-7084-46f1-b607-d279cea07af7,ミラージュ,9d4456fe-76b2-4576-9ca1-31533df4c1e9,https://www.ms-mirage.com/profile/_uid/9646/,fetch_error,,0,,fetch failed
www.ms-virgo.com,c674405c-d480-4ad8-b421-74ce8af88182,ヴィルゴ (VIRGO),88c7d3f8-8111-4bbc-add1-0829d3a99d76,https://www.ms-virgo.com/profile/_uid/5303/,ok,200,0,[],
www.n-garaku.com,785ad391-b3d0-4cc9-a3bb-3d1d2e7801c8,ガラク 西船橋,29b607d0-28ee-4e07-bed5-5b23dc0dfcad,https://www.n-garaku.com/prof/prof16/,http_error,404,0,,HTTP 404 https://www.n-garaku.com/prof/prof16/
www.o-checkmate.com,4cc36762-6678-4740-bf95-46675e782122,チェックメイト,2d3f09a7-e273-4370-a401-7b63b4468778,http://www.o-checkmate.com/profile/_uid/8548/,http_error,404,0,,HTTP 404 http://www.o-checkmate.com/profile/_uid/8548/
www.osaka-mkd.com,d0540526-142b-46fe-a92d-5ea34ea75721,もくきん堂,21b67057-9d76-4528-ae89-e34fedd1258d,https://www.osaka-mkd.com/girl/1867,ok,200,0,[],
www.otospa.info,d82c88fa-0963-47af-8d2e-bfc1e64a29c8,オトスパ,d42ef74e-6fa5-47bb-8216-c98cc3c3696a,https://www.otospa.info/profile/_uid/2388/,ok,200,0,[],
www.pattaya-resort.jp,b41fe580-a2d2-457b-8492-ea35b2364f17,パタヤリゾート,4fe2bc5f-464b-4efc-975f-f4ea71e4c505,https://www.pattaya-resort.jp/hiiragimidori.html,ok,200,10,"[{""date"":""2026-05-23"",""shift_start"":""21:30:00"",""shift_end"":""23:59:00""},{""date"":""2026-05-24"",""shift_start"":""00:00:00"",""shift_end"":""05:00:00""},{""date"":""2026-05-25"",""shift_start"":""21:30:00"",""shift_end"":""23:59:00""}]",
www.poolside-shinbashi.com,2fc6bd07-35a8-496b-97f1-4007d6275f7e,プールサイド 新橋店,d94027e9-f270-49ca-a402-784c9c99ca33,https://www.poolside-shinbashi.com/profile.html?uid=4,http_error,404,0,,HTTP 404 https://www.poolside-shinbashi.com/profile.html?uid=4
www.r-40.net,8857bf31-7e5d-4936-8fb7-453ef02637e4,アールフォーティー,07efdaa6-d4e9-496c-a354-df4a51b3091a,https://www.r-40.net/profile/_uid/3608/,ok,200,0,[],
www.re-r.info,dd0fcd1f-11ed-40b3-8411-4fe3d98879e4,リルーム 宇都宮,7c4319fd-f2b9-4d8d-984f-59cbc3c37553,https://www.re-r.info/profile/_uid/8445/,ok,200,0,[],
www.remens-esthetic.com,c07e316e-2104-4cb3-b4ff-84035fa5104b,Re:メンズエステ,7a7167e6-baa6-4ff8-9ae0-439001cb6dda,https://www.remens-esthetic.com/profile/_uid/2185/,ok,200,0,[],
www.salon-carnet.net,800c7bcf-b619-4955-843b-c8c00d3a197c,Carnet (カルネ),08a884cf-bcd7-41c5-ac15-21a26220b12f,https://www.salon-carnet.net/profile/_uid/9932/,ok,200,0,[],
www.salon-santai.com,41c1ffb6-c176-4571-bbfe-afb8289927a4,ヒーリングサロンサンタイ,5f20686f-2a31-4f12-80ba-8b93a6d158dd,http://www.salon-santai.com/profile/_uid/7686/,ok,200,0,[],
www.sharegareden.com,6401a0ab-341d-448f-84c7-f0efd83182de,シェアガーデン,5e1005ce-c7e2-4227-80f4-bc86708cf63b,https://www.sharegareden.com/prof/prof147/,ok,200,0,[],
www.shibuya-madonna.com,c381fff8-5d81-47df-94dd-6dcc5e21695b,マドンナの誘惑,c81ff793-3adf-46e1-bc13-094fee120be6,https://www.shibuya-madonna.com/profile/12,ok,200,0,[],
www.silk-aroma.com,f328a743-3149-4d07-b917-99da011ac1ea,シルクアロマ 旧エムスパ,2f3a1b43-a548-48a1-8d82-0ae00b386835,https://www.silk-aroma.com/profile/_uid/5194/,ok,200,0,[],
www.spa-andutroye.com,c65773a1-3549-41c8-9996-319a429cd61f,イクイクスパ 旧アンドゥトロワ,4ab04e9f-4745-4617-af8d-6dcdc0ff1c7f,https://www.spa-andutroye.com/osaka/girl/detail/?id=356,fetch_error,,0,,fetch failed
www.spa-g.net,0197f292-c901-41da-8565-e89a675e05c4,グアリジョーネ 横浜・関内,dc6440ec-7ae4-4729-b7c2-a821094babba,https://www.spa-g.net/profile_410.html,ok,200,0,[],
www.tenjoubitopr.com,2ddad035-7dd0-4ede-a505-a068684c879c,天上人PREMIUM,0829569b-7b61-45c2-b990-4d26ff2e5687,https://www.tenjoubitopr.com/prof/prof89/,ok,200,0,[],
www.tiaramens.com,81d88417-aa61-4a2b-9a2e-ec48cdea8ffa,ティアラ,86fb4ced-bacc-48fb-aa54-80aaf5136584,https://www.tiaramens.com/prof/prof100/,http_error,404,0,,HTTP 404 https://www.tiaramens.com/prof/prof100/
www.toro2-paradise.com,54512683-7fb6-445a-a137-73c007e35f94,トロトロパラダイス,f1e1a4e5-9424-4b1e-84a8-4021aeab4d14,https://www.toro2-paradise.com/profile/_uid/8442/,ok,200,0,[],
www.wife-collection.com,8569b78c-59a2-4e74-95f0-bf4d4913e9ce,ワイフコレクション,c01e7622-6bed-4cb0-8d2d-377397a3c135,https://www.wife-collection.com/profile/996,ok,200,0,[],
www.wife-selection.com,82e3bbda-088f-4ee8-a3fa-fa86ecc99f39,ワイフセレクション,0dfc2639-49fc-4264-8f42-a2407d41768b,https://www.wife-selection.com/profile/113,ok,200,0,[],
www.wife-tachikawa.com,c57612dd-12fa-4695-bdc6-0d68f3996925,人妻コレクション,0c226882-0181-45a7-8170-15bd2a74fd61,https://www.wife-tachikawa.com/profile/196,ok,200,0,[],
www.winning-heaven.com,0501a476-35f1-4dac-8d88-0091075e372e,ウイニングヘブン,437422e3-fbb5-4359-b34c-11a69e1602be,https://www.winning-heaven.com/profile/_uid/6313/,ok,200,0,[],
x.com,8d3a8853-4b2d-49b6-a372-1ace224eff12,大人のネバーランド,781c448d-16ed-4d87-bafd-90afd1495f19,https://x.com/riri_neverland,ok,200,0,[],
x1-esthe.com,7bdfa4b7-6109-4b06-b0e0-e9cca318f23a,ミセスエックスワン,db764ac2-304d-477b-9a66-51855ae82a4c,https://x1-esthe.com/profile.html?sid=61,http_error,404,0,,HTTP 404 https://x1-esthe.com/profile.html?sid=61
yoasobi-hiroshima.com,2ab7036d-1419-4796-b8c0-8ccd8ab6bd80,ヨアソビ広島,887e403b-8187-4483-bf37-8c15ac3fcd30,https://yoasobi-hiroshima.com/model_profile9.html,ok,200,0,[],
yokohama-mens-salon.com,b10e96f1-a550-415d-8bde-fc8d879022b7,クロエ 横浜,890bc4d7-9c55-4f01-bdd0-97b9ec734efc,https://yokohama-mens-salon.com/profile.html?sid=467,ok,200,0,[],
yururinon.com,a2d679a6-ffec-4b76-a25c-f3cc1e3818a8,ゆるりnon,12816a3a-df17-4beb-885e-fa6ea3ba92e1,https://yururinon.com/therapist/588062/,ok,200,0,[],
zero-spa.com,f3abaf25-2bcc-41e8-aeb6-95df6b4b2eff,ゼロスパ 秋葉原,2e88a32d-d7a4-435f-a623-640cd8d72643,https://zero-spa.com/cast/cast-1857/,http_error,404,0,,HTTP 404 https://zero-spa.com/cast/cast-1857/
zerotakasaki.esthe-hp.com,9fac1219-e9f9-403c-9879-86bbe2665094,Zero (ゼロ),ac9d1771-2d10-4f04-b8ed-8e89f474c27b,https://zerotakasaki.esthe-hp.com/item_10031606.html,ok,200,0,[],
